+ define_corners nom_tt_025C_1v80
Reading timing models for corner nom_tt_025C_1v80…
Reading cell library for the 'nom_tt_025C_1v80' corner at '/foss/pdks/sky130A/libs.ref/sky130_fd_sc_hd/lib/sky130_fd_sc_hd__tt_025C_1v80.lib'…
Reading top-level netlist at '/foss/designs/CSA_RTL_GDS/config/runs/RUN_2026-08-15_23-24-12/06-yosys-synthesis/top_module.nl.v'…
Linking design 'top_module' from netlist…
Reading design constraints file at '/foss/designs/CSA_RTL_GDS/constraints/csa.sdc'…
[INFO] No information on clock propagation in input SDC file-- unpropagating all clocks.
%OL_CREATE_REPORT min.rpt

===========================================================================
report_checks -path_delay min (Hold)
============================================================================
======================= nom_tt_025C_1v80 Corner ===================================

No paths found.

%OL_END_REPORT
%OL_CREATE_REPORT max.rpt

===========================================================================
report_checks -path_delay max (Setup)
============================================================================
======================= nom_tt_025C_1v80 Corner ===================================

Startpoint: b[0] (input port)
Endpoint: sum[31] (output port)
Path Group: path delay
Path Type: max

Fanout         Cap        Slew       Delay        Time   Description
---------------------------------------------------------------------------------------------
                                  0.000000    0.000000 ^ input external delay
     4    0.012313    0.153931    0.099533    0.099533 ^ b[0] (in)
                                                         b[0] (net)
                      0.153931    0.000000    0.099533 ^ _222_/A (sky130_fd_sc_hd__nor2_2)
     2    0.003615    0.040368    0.058212    0.157745 v _222_/Y (sky130_fd_sc_hd__nor2_2)
                                                         _031_ (net)
                      0.040368    0.000000    0.157745 v _226_/A2 (sky130_fd_sc_hd__o311a_2)
     2    0.003482    0.057527    0.364670    0.522415 v _226_/X (sky130_fd_sc_hd__o311a_2)
                                                         _035_ (net)
                      0.057527    0.000000    0.522415 v _229_/A3 (sky130_fd_sc_hd__o311a_2)
     3    0.008442    0.071791    0.353926    0.876342 v _229_/X (sky130_fd_sc_hd__o311a_2)
                                                         _038_ (net)
                      0.071791    0.000000    0.876342 v _232_/A3 (sky130_fd_sc_hd__o311a_2)
     3    0.008442    0.071830    0.358915    1.235257 v _232_/X (sky130_fd_sc_hd__o311a_2)
                                                         _041_ (net)
                      0.071830    0.000000    1.235257 v _235_/A3 (sky130_fd_sc_hd__o311a_2)
     2    0.003482    0.057608    0.335613    1.570870 v _235_/X (sky130_fd_sc_hd__o311a_2)
                                                         _044_ (net)
                      0.057608    0.000000    1.570870 v _238_/A3 (sky130_fd_sc_hd__o311a_2)
     2    0.003482    0.057527    0.330609    1.901479 v _238_/X (sky130_fd_sc_hd__o311a_2)
                                                         _047_ (net)
                      0.057527    0.000000    1.901479 v _241_/A3 (sky130_fd_sc_hd__o311a_2)
     3    0.008442    0.071791    0.353926    2.255406 v _241_/X (sky130_fd_sc_hd__o311a_2)
                                                         _050_ (net)
                      0.071791    0.000000    2.255406 v _244_/A3 (sky130_fd_sc_hd__o311a_2)
     2    0.006281    0.065983    0.349417    2.604823 v _244_/X (sky130_fd_sc_hd__o311a_2)
                                                         _053_ (net)
                      0.065983    0.000000    2.604823 v _282_/A3 (sky130_fd_sc_hd__o31a_2)
    17    0.056120    0.163815    0.424419    3.029242 v _282_/X (sky130_fd_sc_hd__o31a_2)
                                                         _075_ (net)
                      0.163815    0.000000    3.029242 v _366_/S (sky130_fd_sc_hd__mux2_1)
     2    0.010341    0.093595    0.396618    3.425860 v _366_/X (sky130_fd_sc_hd__mux2_1)
                                                         _159_ (net)
                      0.093595    0.000000    3.425860 v _367_/B (sky130_fd_sc_hd__xnor2_2)
     1    0.050000    0.644404    0.520124    3.945984 ^ _367_/Y (sky130_fd_sc_hd__xnor2_2)
                                                         sum[31] (net)
                      0.644404    0.000000    3.945984 ^ sum[31] (out)
                                              3.945984   data arrival time

                                 10.000000   10.000000   max_delay
                                -10.000000    0.000000   output external delay
                                              0.000000   data required time
---------------------------------------------------------------------------------------------
                                              0.000000   data required time
                                             -3.945984   data arrival time
---------------------------------------------------------------------------------------------
                                             -3.945984   slack (VIOLATED)


Startpoint: b[0] (input port)
Endpoint: sum[29] (output port)
Path Group: path delay
Path Type: max

Fanout         Cap        Slew       Delay        Time   Description
---------------------------------------------------------------------------------------------
                                  0.000000    0.000000 ^ input external delay
     4    0.012313    0.153931    0.099533    0.099533 ^ b[0] (in)
                                                         b[0] (net)
                      0.153931    0.000000    0.099533 ^ _222_/A (sky130_fd_sc_hd__nor2_2)
     2    0.003615    0.040368    0.058212    0.157745 v _222_/Y (sky130_fd_sc_hd__nor2_2)
                                                         _031_ (net)
                      0.040368    0.000000    0.157745 v _226_/A2 (sky130_fd_sc_hd__o311a_2)
     2    0.003482    0.057527    0.364670    0.522415 v _226_/X (sky130_fd_sc_hd__o311a_2)
                                                         _035_ (net)
                      0.057527    0.000000    0.522415 v _229_/A3 (sky130_fd_sc_hd__o311a_2)
     3    0.008442    0.071791    0.353926    0.876342 v _229_/X (sky130_fd_sc_hd__o311a_2)
                                                         _038_ (net)
                      0.071791    0.000000    0.876342 v _232_/A3 (sky130_fd_sc_hd__o311a_2)
     3    0.008442    0.071830    0.358915    1.235257 v _232_/X (sky130_fd_sc_hd__o311a_2)
                                                         _041_ (net)
                      0.071830    0.000000    1.235257 v _235_/A3 (sky130_fd_sc_hd__o311a_2)
     2    0.003482    0.057608    0.335613    1.570870 v _235_/X (sky130_fd_sc_hd__o311a_2)
                                                         _044_ (net)
                      0.057608    0.000000    1.570870 v _238_/A3 (sky130_fd_sc_hd__o311a_2)
     2    0.003482    0.057527    0.330609    1.901479 v _238_/X (sky130_fd_sc_hd__o311a_2)
                                                         _047_ (net)
                      0.057527    0.000000    1.901479 v _241_/A3 (sky130_fd_sc_hd__o311a_2)
     3    0.008442    0.071791    0.353926    2.255406 v _241_/X (sky130_fd_sc_hd__o311a_2)
                                                         _050_ (net)
                      0.071791    0.000000    2.255406 v _244_/A3 (sky130_fd_sc_hd__o311a_2)
     2    0.006281    0.065983    0.349417    2.604823 v _244_/X (sky130_fd_sc_hd__o311a_2)
                                                         _053_ (net)
                      0.065983    0.000000    2.604823 v _282_/A3 (sky130_fd_sc_hd__o31a_2)
    17    0.056120    0.163815    0.424419    3.029242 v _282_/X (sky130_fd_sc_hd__o31a_2)
                                                         _075_ (net)
                      0.163815    0.000000    3.029242 v _372_/S (sky130_fd_sc_hd__mux2_1)
     1    0.008077    0.083294    0.383692    3.412934 v _372_/X (sky130_fd_sc_hd__mux2_1)
                                                         _163_ (net)
                      0.083294    0.000000    3.412934 v _373_/B (sky130_fd_sc_hd__xnor2_2)
     1    0.050000    0.644796    0.516147    3.929081 ^ _373_/Y (sky130_fd_sc_hd__xnor2_2)
                                                         sum[29] (net)
                      0.644796    0.000000    3.929081 ^ sum[29] (out)
                                              3.929081   data arrival time

                                 10.000000   10.000000   max_delay
                                -10.000000    0.000000   output external delay
                                              0.000000   data required time
---------------------------------------------------------------------------------------------
                                              0.000000   data required time
                                             -3.929081   data arrival time
---------------------------------------------------------------------------------------------
                                             -3.929081   slack (VIOLATED)


Startpoint: b[0] (input port)
Endpoint: sum[30] (output port)
Path Group: path delay
Path Type: max

Fanout         Cap        Slew       Delay        Time   Description
---------------------------------------------------------------------------------------------
                                  0.000000    0.000000 ^ input external delay
     4    0.012313    0.153931    0.099533    0.099533 ^ b[0] (in)
                                                         b[0] (net)
                      0.153931    0.000000    0.099533 ^ _222_/A (sky130_fd_sc_hd__nor2_2)
     2    0.003615    0.040368    0.058212    0.157745 v _222_/Y (sky130_fd_sc_hd__nor2_2)
                                                         _031_ (net)
                      0.040368    0.000000    0.157745 v _226_/A2 (sky130_fd_sc_hd__o311a_2)
     2    0.003482    0.057527    0.364670    0.522415 v _226_/X (sky130_fd_sc_hd__o311a_2)
                                                         _035_ (net)
                      0.057527    0.000000    0.522415 v _229_/A3 (sky130_fd_sc_hd__o311a_2)
     3    0.008442    0.071791    0.353926    0.876342 v _229_/X (sky130_fd_sc_hd__o311a_2)
                                                         _038_ (net)
                      0.071791    0.000000    0.876342 v _232_/A3 (sky130_fd_sc_hd__o311a_2)
     3    0.008442    0.071830    0.358915    1.235257 v _232_/X (sky130_fd_sc_hd__o311a_2)
                                                         _041_ (net)
                      0.071830    0.000000    1.235257 v _235_/A3 (sky130_fd_sc_hd__o311a_2)
     2    0.003482    0.057608    0.335613    1.570870 v _235_/X (sky130_fd_sc_hd__o311a_2)
                                                         _044_ (net)
                      0.057608    0.000000    1.570870 v _238_/A3 (sky130_fd_sc_hd__o311a_2)
     2    0.003482    0.057527    0.330609    1.901479 v _238_/X (sky130_fd_sc_hd__o311a_2)
                                                         _047_ (net)
                      0.057527    0.000000    1.901479 v _241_/A3 (sky130_fd_sc_hd__o311a_2)
     3    0.008442    0.071791    0.353926    2.255406 v _241_/X (sky130_fd_sc_hd__o311a_2)
                                                         _050_ (net)
                      0.071791    0.000000    2.255406 v _244_/A3 (sky130_fd_sc_hd__o311a_2)
     2    0.006281    0.065983    0.349417    2.604823 v _244_/X (sky130_fd_sc_hd__o311a_2)
                                                         _053_ (net)
                      0.065983    0.000000    2.604823 v _282_/A3 (sky130_fd_sc_hd__o31a_2)
    17    0.056120    0.163815    0.424419    3.029242 v _282_/X (sky130_fd_sc_hd__o31a_2)
                                                         _075_ (net)
                      0.163815    0.000000    3.029242 v _369_/S (sky130_fd_sc_hd__mux2_1)
     1    0.008077    0.083290    0.383692    3.412934 v _369_/X (sky130_fd_sc_hd__mux2_1)
                                                         _161_ (net)
                      0.083290    0.000000    3.412934 v _370_/B (sky130_fd_sc_hd__xnor2_2)
     1    0.050000    0.645046    0.516146    3.929080 ^ _370_/Y (sky130_fd_sc_hd__xnor2_2)
                                                         sum[30] (net)
                      0.645046    0.000000    3.929080 ^ sum[30] (out)
                                              3.929080   data arrival time

                                 10.000000   10.000000   max_delay
                                -10.000000    0.000000   output external delay
                                              0.000000   data required time
---------------------------------------------------------------------------------------------
                                              0.000000   data required time
                                             -3.929080   data arrival time
---------------------------------------------------------------------------------------------
                                             -3.929080   slack (VIOLATED)


Startpoint: b[0] (input port)
Endpoint: sum[18] (output port)
Path Group: path delay
Path Type: max

Fanout         Cap        Slew       Delay        Time   Description
---------------------------------------------------------------------------------------------
                                  0.000000    0.000000 ^ input external delay
     4    0.012313    0.153931    0.099533    0.099533 ^ b[0] (in)
                                                         b[0] (net)
                      0.153931    0.000000    0.099533 ^ _222_/A (sky130_fd_sc_hd__nor2_2)
     2    0.003615    0.040368    0.058212    0.157745 v _222_/Y (sky130_fd_sc_hd__nor2_2)
                                                         _031_ (net)
                      0.040368    0.000000    0.157745 v _226_/A2 (sky130_fd_sc_hd__o311a_2)
     2    0.003482    0.057527    0.364670    0.522415 v _226_/X (sky130_fd_sc_hd__o311a_2)
                                                         _035_ (net)
                      0.057527    0.000000    0.522415 v _229_/A3 (sky130_fd_sc_hd__o311a_2)
     3    0.008442    0.071791    0.353926    0.876342 v _229_/X (sky130_fd_sc_hd__o311a_2)
                                                         _038_ (net)
                      0.071791    0.000000    0.876342 v _232_/A3 (sky130_fd_sc_hd__o311a_2)
     3    0.008442    0.071830    0.358915    1.235257 v _232_/X (sky130_fd_sc_hd__o311a_2)
                                                         _041_ (net)
                      0.071830    0.000000    1.235257 v _235_/A3 (sky130_fd_sc_hd__o311a_2)
     2    0.003482    0.057608    0.335613    1.570870 v _235_/X (sky130_fd_sc_hd__o311a_2)
                                                         _044_ (net)
                      0.057608    0.000000    1.570870 v _238_/A3 (sky130_fd_sc_hd__o311a_2)
     2    0.003482    0.057527    0.330609    1.901479 v _238_/X (sky130_fd_sc_hd__o311a_2)
                                                         _047_ (net)
                      0.057527    0.000000    1.901479 v _241_/A3 (sky130_fd_sc_hd__o311a_2)
     3    0.008442    0.071791    0.353926    2.255406 v _241_/X (sky130_fd_sc_hd__o311a_2)
                                                         _050_ (net)
                      0.071791    0.000000    2.255406 v _244_/A3 (sky130_fd_sc_hd__o311a_2)
     2    0.006281    0.065983    0.349417    2.604823 v _244_/X (sky130_fd_sc_hd__o311a_2)
                                                         _053_ (net)
                      0.065983    0.000000    2.604823 v _282_/A3 (sky130_fd_sc_hd__o31a_2)
    17    0.056120    0.163815    0.424419    3.029242 v _282_/X (sky130_fd_sc_hd__o31a_2)
                                                         _075_ (net)
                      0.163815    0.000000    3.029242 v _405_/S (sky130_fd_sc_hd__mux2_1)
     1    0.008077    0.083279    0.383692    3.412934 v _405_/X (sky130_fd_sc_hd__mux2_1)
                                                         _185_ (net)
                      0.083279    0.000000    3.412934 v _406_/B (sky130_fd_sc_hd__xnor2_2)
     1    0.050000    0.643871    0.516141    3.929075 ^ _406_/Y (sky130_fd_sc_hd__xnor2_2)
                                                         sum[18] (net)
                      0.643871    0.000000    3.929075 ^ sum[18] (out)
                                              3.929075   data arrival time

                                 10.000000   10.000000   max_delay
                                -10.000000    0.000000   output external delay
                                              0.000000   data required time
---------------------------------------------------------------------------------------------
                                              0.000000   data required time
                                             -3.929075   data arrival time
---------------------------------------------------------------------------------------------
                                             -3.929075   slack (VIOLATED)


Startpoint: b[0] (input port)
Endpoint: sum[19] (output port)
Path Group: path delay
Path Type: max

Fanout         Cap        Slew       Delay        Time   Description
---------------------------------------------------------------------------------------------
                                  0.000000    0.000000 ^ input external delay
     4    0.012313    0.153931    0.099533    0.099533 ^ b[0] (in)
                                                         b[0] (net)
                      0.153931    0.000000    0.099533 ^ _222_/A (sky130_fd_sc_hd__nor2_2)
     2    0.003615    0.040368    0.058212    0.157745 v _222_/Y (sky130_fd_sc_hd__nor2_2)
                                                         _031_ (net)
                      0.040368    0.000000    0.157745 v _226_/A2 (sky130_fd_sc_hd__o311a_2)
     2    0.003482    0.057527    0.364670    0.522415 v _226_/X (sky130_fd_sc_hd__o311a_2)
                                                         _035_ (net)
                      0.057527    0.000000    0.522415 v _229_/A3 (sky130_fd_sc_hd__o311a_2)
     3    0.008442    0.071791    0.353926    0.876342 v _229_/X (sky130_fd_sc_hd__o311a_2)
                                                         _038_ (net)
                      0.071791    0.000000    0.876342 v _232_/A3 (sky130_fd_sc_hd__o311a_2)
     3    0.008442    0.071830    0.358915    1.235257 v _232_/X (sky130_fd_sc_hd__o311a_2)
                                                         _041_ (net)
                      0.071830    0.000000    1.235257 v _235_/A3 (sky130_fd_sc_hd__o311a_2)
     2    0.003482    0.057608    0.335613    1.570870 v _235_/X (sky130_fd_sc_hd__o311a_2)
                                                         _044_ (net)
                      0.057608    0.000000    1.570870 v _238_/A3 (sky130_fd_sc_hd__o311a_2)
     2    0.003482    0.057527    0.330609    1.901479 v _238_/X (sky130_fd_sc_hd__o311a_2)
                                                         _047_ (net)
                      0.057527    0.000000    1.901479 v _241_/A3 (sky130_fd_sc_hd__o311a_2)
     3    0.008442    0.071791    0.353926    2.255406 v _241_/X (sky130_fd_sc_hd__o311a_2)
                                                         _050_ (net)
                      0.071791    0.000000    2.255406 v _244_/A3 (sky130_fd_sc_hd__o311a_2)
     2    0.006281    0.065983    0.349417    2.604823 v _244_/X (sky130_fd_sc_hd__o311a_2)
                                                         _053_ (net)
                      0.065983    0.000000    2.604823 v _282_/A3 (sky130_fd_sc_hd__o31a_2)
    17    0.056120    0.163815    0.424419    3.029242 v _282_/X (sky130_fd_sc_hd__o31a_2)
                                                         _075_ (net)
                      0.163815    0.000000    3.029242 v _402_/S (sky130_fd_sc_hd__mux2_1)
     1    0.008077    0.083277    0.383692    3.412934 v _402_/X (sky130_fd_sc_hd__mux2_1)
                                                         _183_ (net)
                      0.083277    0.000000    3.412934 v _403_/B (sky130_fd_sc_hd__xnor2_2)
     1    0.050000    0.644896    0.516141    3.929075 ^ _403_/Y (sky130_fd_sc_hd__xnor2_2)
                                                         sum[19] (net)
                      0.644896    0.000000    3.929075 ^ sum[19] (out)
                                              3.929075   data arrival time

                                 10.000000   10.000000   max_delay
                                -10.000000    0.000000   output external delay
                                              0.000000   data required time
---------------------------------------------------------------------------------------------
                                              0.000000   data required time
                                             -3.929075   data arrival time
---------------------------------------------------------------------------------------------
                                             -3.929075   slack (VIOLATED)


Startpoint: b[0] (input port)
Endpoint: sum[20] (output port)
Path Group: path delay
Path Type: max

Fanout         Cap        Slew       Delay        Time   Description
---------------------------------------------------------------------------------------------
                                  0.000000    0.000000 ^ input external delay
     4    0.012313    0.153931    0.099533    0.099533 ^ b[0] (in)
                                                         b[0] (net)
                      0.153931    0.000000    0.099533 ^ _222_/A (sky130_fd_sc_hd__nor2_2)
     2    0.003615    0.040368    0.058212    0.157745 v _222_/Y (sky130_fd_sc_hd__nor2_2)
                                                         _031_ (net)
                      0.040368    0.000000    0.157745 v _226_/A2 (sky130_fd_sc_hd__o311a_2)
     2    0.003482    0.057527    0.364670    0.522415 v _226_/X (sky130_fd_sc_hd__o311a_2)
                                                         _035_ (net)
                      0.057527    0.000000    0.522415 v _229_/A3 (sky130_fd_sc_hd__o311a_2)
     3    0.008442    0.071791    0.353926    0.876342 v _229_/X (sky130_fd_sc_hd__o311a_2)
                                                         _038_ (net)
                      0.071791    0.000000    0.876342 v _232_/A3 (sky130_fd_sc_hd__o311a_2)
     3    0.008442    0.071830    0.358915    1.235257 v _232_/X (sky130_fd_sc_hd__o311a_2)
                                                         _041_ (net)
                      0.071830    0.000000    1.235257 v _235_/A3 (sky130_fd_sc_hd__o311a_2)
     2    0.003482    0.057608    0.335613    1.570870 v _235_/X (sky130_fd_sc_hd__o311a_2)
                                                         _044_ (net)
                      0.057608    0.000000    1.570870 v _238_/A3 (sky130_fd_sc_hd__o311a_2)
     2    0.003482    0.057527    0.330609    1.901479 v _238_/X (sky130_fd_sc_hd__o311a_2)
                                                         _047_ (net)
                      0.057527    0.000000    1.901479 v _241_/A3 (sky130_fd_sc_hd__o311a_2)
     3    0.008442    0.071791    0.353926    2.255406 v _241_/X (sky130_fd_sc_hd__o311a_2)
                                                         _050_ (net)
                      0.071791    0.000000    2.255406 v _244_/A3 (sky130_fd_sc_hd__o311a_2)
     2    0.006281    0.065983    0.349417    2.604823 v _244_/X (sky130_fd_sc_hd__o311a_2)
                                                         _053_ (net)
                      0.065983    0.000000    2.604823 v _282_/A3 (sky130_fd_sc_hd__o31a_2)
    17    0.056120    0.163815    0.424419    3.029242 v _282_/X (sky130_fd_sc_hd__o31a_2)
                                                         _075_ (net)
                      0.163815    0.000000    3.029242 v _399_/S (sky130_fd_sc_hd__mux2_1)
     1    0.008077    0.083279    0.383692    3.412934 v _399_/X (sky130_fd_sc_hd__mux2_1)
                                                         _181_ (net)
                      0.083279    0.000000    3.412934 v _400_/B (sky130_fd_sc_hd__xnor2_2)
     1    0.050000    0.643871    0.516141    3.929075 ^ _400_/Y (sky130_fd_sc_hd__xnor2_2)
                                                         sum[20] (net)
                      0.643871    0.000000    3.929075 ^ sum[20] (out)
                                              3.929075   data arrival time

                                 10.000000   10.000000   max_delay
                                -10.000000    0.000000   output external delay
                                              0.000000   data required time
---------------------------------------------------------------------------------------------
                                              0.000000   data required time
                                             -3.929075   data arrival time
---------------------------------------------------------------------------------------------
                                             -3.929075   slack (VIOLATED)


Startpoint: b[0] (input port)
Endpoint: sum[21] (output port)
Path Group: path delay
Path Type: max

Fanout         Cap        Slew       Delay        Time   Description
---------------------------------------------------------------------------------------------
                                  0.000000    0.000000 ^ input external delay
     4    0.012313    0.153931    0.099533    0.099533 ^ b[0] (in)
                                                         b[0] (net)
                      0.153931    0.000000    0.099533 ^ _222_/A (sky130_fd_sc_hd__nor2_2)
     2    0.003615    0.040368    0.058212    0.157745 v _222_/Y (sky130_fd_sc_hd__nor2_2)
                                                         _031_ (net)
                      0.040368    0.000000    0.157745 v _226_/A2 (sky130_fd_sc_hd__o311a_2)
     2    0.003482    0.057527    0.364670    0.522415 v _226_/X (sky130_fd_sc_hd__o311a_2)
                                                         _035_ (net)
                      0.057527    0.000000    0.522415 v _229_/A3 (sky130_fd_sc_hd__o311a_2)
     3    0.008442    0.071791    0.353926    0.876342 v _229_/X (sky130_fd_sc_hd__o311a_2)
                                                         _038_ (net)
                      0.071791    0.000000    0.876342 v _232_/A3 (sky130_fd_sc_hd__o311a_2)
     3    0.008442    0.071830    0.358915    1.235257 v _232_/X (sky130_fd_sc_hd__o311a_2)
                                                         _041_ (net)
                      0.071830    0.000000    1.235257 v _235_/A3 (sky130_fd_sc_hd__o311a_2)
     2    0.003482    0.057608    0.335613    1.570870 v _235_/X (sky130_fd_sc_hd__o311a_2)
                                                         _044_ (net)
                      0.057608    0.000000    1.570870 v _238_/A3 (sky130_fd_sc_hd__o311a_2)
     2    0.003482    0.057527    0.330609    1.901479 v _238_/X (sky130_fd_sc_hd__o311a_2)
                                                         _047_ (net)
                      0.057527    0.000000    1.901479 v _241_/A3 (sky130_fd_sc_hd__o311a_2)
     3    0.008442    0.071791    0.353926    2.255406 v _241_/X (sky130_fd_sc_hd__o311a_2)
                                                         _050_ (net)
                      0.071791    0.000000    2.255406 v _244_/A3 (sky130_fd_sc_hd__o311a_2)
     2    0.006281    0.065983    0.349417    2.604823 v _244_/X (sky130_fd_sc_hd__o311a_2)
                                                         _053_ (net)
                      0.065983    0.000000    2.604823 v _282_/A3 (sky130_fd_sc_hd__o31a_2)
    17    0.056120    0.163815    0.424419    3.029242 v _282_/X (sky130_fd_sc_hd__o31a_2)
                                                         _075_ (net)
                      0.163815    0.000000    3.029242 v _396_/S (sky130_fd_sc_hd__mux2_1)
     1    0.008077    0.083277    0.383692    3.412934 v _396_/X (sky130_fd_sc_hd__mux2_1)
                                                         _179_ (net)
                      0.083277    0.000000    3.412934 v _397_/B (sky130_fd_sc_hd__xnor2_2)
     1    0.050000    0.644896    0.516141    3.929075 ^ _397_/Y (sky130_fd_sc_hd__xnor2_2)
                                                         sum[21] (net)
                      0.644896    0.000000    3.929075 ^ sum[21] (out)
                                              3.929075   data arrival time

                                 10.000000   10.000000   max_delay
                                -10.000000    0.000000   output external delay
                                              0.000000   data required time
---------------------------------------------------------------------------------------------
                                              0.000000   data required time
                                             -3.929075   data arrival time
---------------------------------------------------------------------------------------------
                                             -3.929075   slack (VIOLATED)


Startpoint: b[0] (input port)
Endpoint: sum[22] (output port)
Path Group: path delay
Path Type: max

Fanout         Cap        Slew       Delay        Time   Description
---------------------------------------------------------------------------------------------
                                  0.000000    0.000000 ^ input external delay
     4    0.012313    0.153931    0.099533    0.099533 ^ b[0] (in)
                                                         b[0] (net)
                      0.153931    0.000000    0.099533 ^ _222_/A (sky130_fd_sc_hd__nor2_2)
     2    0.003615    0.040368    0.058212    0.157745 v _222_/Y (sky130_fd_sc_hd__nor2_2)
                                                         _031_ (net)
                      0.040368    0.000000    0.157745 v _226_/A2 (sky130_fd_sc_hd__o311a_2)
     2    0.003482    0.057527    0.364670    0.522415 v _226_/X (sky130_fd_sc_hd__o311a_2)
                                                         _035_ (net)
                      0.057527    0.000000    0.522415 v _229_/A3 (sky130_fd_sc_hd__o311a_2)
     3    0.008442    0.071791    0.353926    0.876342 v _229_/X (sky130_fd_sc_hd__o311a_2)
                                                         _038_ (net)
                      0.071791    0.000000    0.876342 v _232_/A3 (sky130_fd_sc_hd__o311a_2)
     3    0.008442    0.071830    0.358915    1.235257 v _232_/X (sky130_fd_sc_hd__o311a_2)
                                                         _041_ (net)
                      0.071830    0.000000    1.235257 v _235_/A3 (sky130_fd_sc_hd__o311a_2)
     2    0.003482    0.057608    0.335613    1.570870 v _235_/X (sky130_fd_sc_hd__o311a_2)
                                                         _044_ (net)
                      0.057608    0.000000    1.570870 v _238_/A3 (sky130_fd_sc_hd__o311a_2)
     2    0.003482    0.057527    0.330609    1.901479 v _238_/X (sky130_fd_sc_hd__o311a_2)
                                                         _047_ (net)
                      0.057527    0.000000    1.901479 v _241_/A3 (sky130_fd_sc_hd__o311a_2)
     3    0.008442    0.071791    0.353926    2.255406 v _241_/X (sky130_fd_sc_hd__o311a_2)
                                                         _050_ (net)
                      0.071791    0.000000    2.255406 v _244_/A3 (sky130_fd_sc_hd__o311a_2)
     2    0.006281    0.065983    0.349417    2.604823 v _244_/X (sky130_fd_sc_hd__o311a_2)
                                                         _053_ (net)
                      0.065983    0.000000    2.604823 v _282_/A3 (sky130_fd_sc_hd__o31a_2)
    17    0.056120    0.163815    0.424419    3.029242 v _282_/X (sky130_fd_sc_hd__o31a_2)
                                                         _075_ (net)
                      0.163815    0.000000    3.029242 v _393_/S (sky130_fd_sc_hd__mux2_1)
     1    0.008077    0.083279    0.383692    3.412934 v _393_/X (sky130_fd_sc_hd__mux2_1)
                                                         _177_ (net)
                      0.083279    0.000000    3.412934 v _394_/B (sky130_fd_sc_hd__xnor2_2)
     1    0.050000    0.643798    0.516141    3.929075 ^ _394_/Y (sky130_fd_sc_hd__xnor2_2)
                                                         sum[22] (net)
                      0.643798    0.000000    3.929075 ^ sum[22] (out)
                                              3.929075   data arrival time

                                 10.000000   10.000000   max_delay
                                -10.000000    0.000000   output external delay
                                              0.000000   data required time
---------------------------------------------------------------------------------------------
                                              0.000000   data required time
                                             -3.929075   data arrival time
---------------------------------------------------------------------------------------------
                                             -3.929075   slack (VIOLATED)


Startpoint: b[0] (input port)
Endpoint: sum[23] (output port)
Path Group: path delay
Path Type: max

Fanout         Cap        Slew       Delay        Time   Description
---------------------------------------------------------------------------------------------
                                  0.000000    0.000000 ^ input external delay
     4    0.012313    0.153931    0.099533    0.099533 ^ b[0] (in)
                                                         b[0] (net)
                      0.153931    0.000000    0.099533 ^ _222_/A (sky130_fd_sc_hd__nor2_2)
     2    0.003615    0.040368    0.058212    0.157745 v _222_/Y (sky130_fd_sc_hd__nor2_2)
                                                         _031_ (net)
                      0.040368    0.000000    0.157745 v _226_/A2 (sky130_fd_sc_hd__o311a_2)
     2    0.003482    0.057527    0.364670    0.522415 v _226_/X (sky130_fd_sc_hd__o311a_2)
                                                         _035_ (net)
                      0.057527    0.000000    0.522415 v _229_/A3 (sky130_fd_sc_hd__o311a_2)
     3    0.008442    0.071791    0.353926    0.876342 v _229_/X (sky130_fd_sc_hd__o311a_2)
                                                         _038_ (net)
                      0.071791    0.000000    0.876342 v _232_/A3 (sky130_fd_sc_hd__o311a_2)
     3    0.008442    0.071830    0.358915    1.235257 v _232_/X (sky130_fd_sc_hd__o311a_2)
                                                         _041_ (net)
                      0.071830    0.000000    1.235257 v _235_/A3 (sky130_fd_sc_hd__o311a_2)
     2    0.003482    0.057608    0.335613    1.570870 v _235_/X (sky130_fd_sc_hd__o311a_2)
                                                         _044_ (net)
                      0.057608    0.000000    1.570870 v _238_/A3 (sky130_fd_sc_hd__o311a_2)
     2    0.003482    0.057527    0.330609    1.901479 v _238_/X (sky130_fd_sc_hd__o311a_2)
                                                         _047_ (net)
                      0.057527    0.000000    1.901479 v _241_/A3 (sky130_fd_sc_hd__o311a_2)
     3    0.008442    0.071791    0.353926    2.255406 v _241_/X (sky130_fd_sc_hd__o311a_2)
                                                         _050_ (net)
                      0.071791    0.000000    2.255406 v _244_/A3 (sky130_fd_sc_hd__o311a_2)
     2    0.006281    0.065983    0.349417    2.604823 v _244_/X (sky130_fd_sc_hd__o311a_2)
                                                         _053_ (net)
                      0.065983    0.000000    2.604823 v _282_/A3 (sky130_fd_sc_hd__o31a_2)
    17    0.056120    0.163815    0.424419    3.029242 v _282_/X (sky130_fd_sc_hd__o31a_2)
                                                         _075_ (net)
                      0.163815    0.000000    3.029242 v _390_/S (sky130_fd_sc_hd__mux2_1)
     1    0.008077    0.083277    0.383692    3.412934 v _390_/X (sky130_fd_sc_hd__mux2_1)
                                                         _175_ (net)
                      0.083277    0.000000    3.412934 v _391_/B (sky130_fd_sc_hd__xnor2_2)
     1    0.050000    0.644896    0.516141    3.929075 ^ _391_/Y (sky130_fd_sc_hd__xnor2_2)
                                                         sum[23] (net)
                      0.644896    0.000000    3.929075 ^ sum[23] (out)
                                              3.929075   data arrival time

                                 10.000000   10.000000   max_delay
                                -10.000000    0.000000   output external delay
                                              0.000000   data required time
---------------------------------------------------------------------------------------------
                                              0.000000   data required time
                                             -3.929075   data arrival time
---------------------------------------------------------------------------------------------
                                             -3.929075   slack (VIOLATED)


Startpoint: b[0] (input port)
Endpoint: sum[24] (output port)
Path Group: path delay
Path Type: max

Fanout         Cap        Slew       Delay        Time   Description
---------------------------------------------------------------------------------------------
                                  0.000000    0.000000 ^ input external delay
     4    0.012313    0.153931    0.099533    0.099533 ^ b[0] (in)
                                                         b[0] (net)
                      0.153931    0.000000    0.099533 ^ _222_/A (sky130_fd_sc_hd__nor2_2)
     2    0.003615    0.040368    0.058212    0.157745 v _222_/Y (sky130_fd_sc_hd__nor2_2)
                                                         _031_ (net)
                      0.040368    0.000000    0.157745 v _226_/A2 (sky130_fd_sc_hd__o311a_2)
     2    0.003482    0.057527    0.364670    0.522415 v _226_/X (sky130_fd_sc_hd__o311a_2)
                                                         _035_ (net)
                      0.057527    0.000000    0.522415 v _229_/A3 (sky130_fd_sc_hd__o311a_2)
     3    0.008442    0.071791    0.353926    0.876342 v _229_/X (sky130_fd_sc_hd__o311a_2)
                                                         _038_ (net)
                      0.071791    0.000000    0.876342 v _232_/A3 (sky130_fd_sc_hd__o311a_2)
     3    0.008442    0.071830    0.358915    1.235257 v _232_/X (sky130_fd_sc_hd__o311a_2)
                                                         _041_ (net)
                      0.071830    0.000000    1.235257 v _235_/A3 (sky130_fd_sc_hd__o311a_2)
     2    0.003482    0.057608    0.335613    1.570870 v _235_/X (sky130_fd_sc_hd__o311a_2)
                                                         _044_ (net)
                      0.057608    0.000000    1.570870 v _238_/A3 (sky130_fd_sc_hd__o311a_2)
     2    0.003482    0.057527    0.330609    1.901479 v _238_/X (sky130_fd_sc_hd__o311a_2)
                                                         _047_ (net)
                      0.057527    0.000000    1.901479 v _241_/A3 (sky130_fd_sc_hd__o311a_2)
     3    0.008442    0.071791    0.353926    2.255406 v _241_/X (sky130_fd_sc_hd__o311a_2)
                                                         _050_ (net)
                      0.071791    0.000000    2.255406 v _244_/A3 (sky130_fd_sc_hd__o311a_2)
     2    0.006281    0.065983    0.349417    2.604823 v _244_/X (sky130_fd_sc_hd__o311a_2)
                                                         _053_ (net)
                      0.065983    0.000000    2.604823 v _282_/A3 (sky130_fd_sc_hd__o31a_2)
    17    0.056120    0.163815    0.424419    3.029242 v _282_/X (sky130_fd_sc_hd__o31a_2)
                                                         _075_ (net)
                      0.163815    0.000000    3.029242 v _387_/S (sky130_fd_sc_hd__mux2_1)
     1    0.008077    0.083279    0.383692    3.412934 v _387_/X (sky130_fd_sc_hd__mux2_1)
                                                         _173_ (net)
                      0.083279    0.000000    3.412934 v _388_/B (sky130_fd_sc_hd__xnor2_2)
     1    0.050000    0.643871    0.516141    3.929075 ^ _388_/Y (sky130_fd_sc_hd__xnor2_2)
                                                         sum[24] (net)
                      0.643871    0.000000    3.929075 ^ sum[24] (out)
                                              3.929075   data arrival time

                                 10.000000   10.000000   max_delay
                                -10.000000    0.000000   output external delay
                                              0.000000   data required time
---------------------------------------------------------------------------------------------
                                              0.000000   data required time
                                             -3.929075   data arrival time
---------------------------------------------------------------------------------------------
                                             -3.929075   slack (VIOLATED)


Startpoint: b[0] (input port)
Endpoint: sum[25] (output port)
Path Group: path delay
Path Type: max

Fanout         Cap        Slew       Delay        Time   Description
---------------------------------------------------------------------------------------------
                                  0.000000    0.000000 ^ input external delay
     4    0.012313    0.153931    0.099533    0.099533 ^ b[0] (in)
                                                         b[0] (net)
                      0.153931    0.000000    0.099533 ^ _222_/A (sky130_fd_sc_hd__nor2_2)
     2    0.003615    0.040368    0.058212    0.157745 v _222_/Y (sky130_fd_sc_hd__nor2_2)
                                                         _031_ (net)
                      0.040368    0.000000    0.157745 v _226_/A2 (sky130_fd_sc_hd__o311a_2)
     2    0.003482    0.057527    0.364670    0.522415 v _226_/X (sky130_fd_sc_hd__o311a_2)
                                                         _035_ (net)
                      0.057527    0.000000    0.522415 v _229_/A3 (sky130_fd_sc_hd__o311a_2)
     3    0.008442    0.071791    0.353926    0.876342 v _229_/X (sky130_fd_sc_hd__o311a_2)
                                                         _038_ (net)
                      0.071791    0.000000    0.876342 v _232_/A3 (sky130_fd_sc_hd__o311a_2)
     3    0.008442    0.071830    0.358915    1.235257 v _232_/X (sky130_fd_sc_hd__o311a_2)
                                                         _041_ (net)
                      0.071830    0.000000    1.235257 v _235_/A3 (sky130_fd_sc_hd__o311a_2)
     2    0.003482    0.057608    0.335613    1.570870 v _235_/X (sky130_fd_sc_hd__o311a_2)
                                                         _044_ (net)
                      0.057608    0.000000    1.570870 v _238_/A3 (sky130_fd_sc_hd__o311a_2)
     2    0.003482    0.057527    0.330609    1.901479 v _238_/X (sky130_fd_sc_hd__o311a_2)
                                                         _047_ (net)
                      0.057527    0.000000    1.901479 v _241_/A3 (sky130_fd_sc_hd__o311a_2)
     3    0.008442    0.071791    0.353926    2.255406 v _241_/X (sky130_fd_sc_hd__o311a_2)
                                                         _050_ (net)
                      0.071791    0.000000    2.255406 v _244_/A3 (sky130_fd_sc_hd__o311a_2)
     2    0.006281    0.065983    0.349417    2.604823 v _244_/X (sky130_fd_sc_hd__o311a_2)
                                                         _053_ (net)
                      0.065983    0.000000    2.604823 v _282_/A3 (sky130_fd_sc_hd__o31a_2)
    17    0.056120    0.163815    0.424419    3.029242 v _282_/X (sky130_fd_sc_hd__o31a_2)
                                                         _075_ (net)
                      0.163815    0.000000    3.029242 v _384_/S (sky130_fd_sc_hd__mux2_1)
     1    0.008077    0.083277    0.383692    3.412934 v _384_/X (sky130_fd_sc_hd__mux2_1)
                                                         _171_ (net)
                      0.083277    0.000000    3.412934 v _385_/B (sky130_fd_sc_hd__xnor2_2)
     1    0.050000    0.644896    0.516141    3.929075 ^ _385_/Y (sky130_fd_sc_hd__xnor2_2)
                                                         sum[25] (net)
                      0.644896    0.000000    3.929075 ^ sum[25] (out)
                                              3.929075   data arrival time

                                 10.000000   10.000000   max_delay
                                -10.000000    0.000000   output external delay
                                              0.000000   data required time
---------------------------------------------------------------------------------------------
                                              0.000000   data required time
                                             -3.929075   data arrival time
---------------------------------------------------------------------------------------------
                                             -3.929075   slack (VIOLATED)


Startpoint: b[0] (input port)
Endpoint: sum[26] (output port)
Path Group: path delay
Path Type: max

Fanout         Cap        Slew       Delay        Time   Description
---------------------------------------------------------------------------------------------
                                  0.000000    0.000000 ^ input external delay
     4    0.012313    0.153931    0.099533    0.099533 ^ b[0] (in)
                                                         b[0] (net)
                      0.153931    0.000000    0.099533 ^ _222_/A (sky130_fd_sc_hd__nor2_2)
     2    0.003615    0.040368    0.058212    0.157745 v _222_/Y (sky130_fd_sc_hd__nor2_2)
                                                         _031_ (net)
                      0.040368    0.000000    0.157745 v _226_/A2 (sky130_fd_sc_hd__o311a_2)
     2    0.003482    0.057527    0.364670    0.522415 v _226_/X (sky130_fd_sc_hd__o311a_2)
                                                         _035_ (net)
                      0.057527    0.000000    0.522415 v _229_/A3 (sky130_fd_sc_hd__o311a_2)
     3    0.008442    0.071791    0.353926    0.876342 v _229_/X (sky130_fd_sc_hd__o311a_2)
                                                         _038_ (net)
                      0.071791    0.000000    0.876342 v _232_/A3 (sky130_fd_sc_hd__o311a_2)
     3    0.008442    0.071830    0.358915    1.235257 v _232_/X (sky130_fd_sc_hd__o311a_2)
                                                         _041_ (net)
                      0.071830    0.000000    1.235257 v _235_/A3 (sky130_fd_sc_hd__o311a_2)
     2    0.003482    0.057608    0.335613    1.570870 v _235_/X (sky130_fd_sc_hd__o311a_2)
                                                         _044_ (net)
                      0.057608    0.000000    1.570870 v _238_/A3 (sky130_fd_sc_hd__o311a_2)
     2    0.003482    0.057527    0.330609    1.901479 v _238_/X (sky130_fd_sc_hd__o311a_2)
                                                         _047_ (net)
                      0.057527    0.000000    1.901479 v _241_/A3 (sky130_fd_sc_hd__o311a_2)
     3    0.008442    0.071791    0.353926    2.255406 v _241_/X (sky130_fd_sc_hd__o311a_2)
                                                         _050_ (net)
                      0.071791    0.000000    2.255406 v _244_/A3 (sky130_fd_sc_hd__o311a_2)
     2    0.006281    0.065983    0.349417    2.604823 v _244_/X (sky130_fd_sc_hd__o311a_2)
                                                         _053_ (net)
                      0.065983    0.000000    2.604823 v _282_/A3 (sky130_fd_sc_hd__o31a_2)
    17    0.056120    0.163815    0.424419    3.029242 v _282_/X (sky130_fd_sc_hd__o31a_2)
                                                         _075_ (net)
                      0.163815    0.000000    3.029242 v _381_/S (sky130_fd_sc_hd__mux2_1)
     1    0.008077    0.083279    0.383692    3.412934 v _381_/X (sky130_fd_sc_hd__mux2_1)
                                                         _169_ (net)
                      0.083279    0.000000    3.412934 v _382_/B (sky130_fd_sc_hd__xnor2_2)
     1    0.050000    0.643871    0.516141    3.929075 ^ _382_/Y (sky130_fd_sc_hd__xnor2_2)
                                                         sum[26] (net)
                      0.643871    0.000000    3.929075 ^ sum[26] (out)
                                              3.929075   data arrival time

                                 10.000000   10.000000   max_delay
                                -10.000000    0.000000   output external delay
                                              0.000000   data required time
---------------------------------------------------------------------------------------------
                                              0.000000   data required time
                                             -3.929075   data arrival time
---------------------------------------------------------------------------------------------
                                             -3.929075   slack (VIOLATED)


Startpoint: b[0] (input port)
Endpoint: sum[27] (output port)
Path Group: path delay
Path Type: max

Fanout         Cap        Slew       Delay        Time   Description
---------------------------------------------------------------------------------------------
                                  0.000000    0.000000 ^ input external delay
     4    0.012313    0.153931    0.099533    0.099533 ^ b[0] (in)
                                                         b[0] (net)
                      0.153931    0.000000    0.099533 ^ _222_/A (sky130_fd_sc_hd__nor2_2)
     2    0.003615    0.040368    0.058212    0.157745 v _222_/Y (sky130_fd_sc_hd__nor2_2)
                                                         _031_ (net)
                      0.040368    0.000000    0.157745 v _226_/A2 (sky130_fd_sc_hd__o311a_2)
     2    0.003482    0.057527    0.364670    0.522415 v _226_/X (sky130_fd_sc_hd__o311a_2)
                                                         _035_ (net)
                      0.057527    0.000000    0.522415 v _229_/A3 (sky130_fd_sc_hd__o311a_2)
     3    0.008442    0.071791    0.353926    0.876342 v _229_/X (sky130_fd_sc_hd__o311a_2)
                                                         _038_ (net)
                      0.071791    0.000000    0.876342 v _232_/A3 (sky130_fd_sc_hd__o311a_2)
     3    0.008442    0.071830    0.358915    1.235257 v _232_/X (sky130_fd_sc_hd__o311a_2)
                                                         _041_ (net)
                      0.071830    0.000000    1.235257 v _235_/A3 (sky130_fd_sc_hd__o311a_2)
     2    0.003482    0.057608    0.335613    1.570870 v _235_/X (sky130_fd_sc_hd__o311a_2)
                                                         _044_ (net)
                      0.057608    0.000000    1.570870 v _238_/A3 (sky130_fd_sc_hd__o311a_2)
     2    0.003482    0.057527    0.330609    1.901479 v _238_/X (sky130_fd_sc_hd__o311a_2)
                                                         _047_ (net)
                      0.057527    0.000000    1.901479 v _241_/A3 (sky130_fd_sc_hd__o311a_2)
     3    0.008442    0.071791    0.353926    2.255406 v _241_/X (sky130_fd_sc_hd__o311a_2)
                                                         _050_ (net)
                      0.071791    0.000000    2.255406 v _244_/A3 (sky130_fd_sc_hd__o311a_2)
     2    0.006281    0.065983    0.349417    2.604823 v _244_/X (sky130_fd_sc_hd__o311a_2)
                                                         _053_ (net)
                      0.065983    0.000000    2.604823 v _282_/A3 (sky130_fd_sc_hd__o31a_2)
    17    0.056120    0.163815    0.424419    3.029242 v _282_/X (sky130_fd_sc_hd__o31a_2)
                                                         _075_ (net)
                      0.163815    0.000000    3.029242 v _378_/S (sky130_fd_sc_hd__mux2_1)
     1    0.008077    0.083277    0.383692    3.412934 v _378_/X (sky130_fd_sc_hd__mux2_1)
                                                         _167_ (net)
                      0.083277    0.000000    3.412934 v _379_/B (sky130_fd_sc_hd__xnor2_2)
     1    0.050000    0.645052    0.516141    3.929075 ^ _379_/Y (sky130_fd_sc_hd__xnor2_2)
                                                         sum[27] (net)
                      0.645052    0.000000    3.929075 ^ sum[27] (out)
                                              3.929075   data arrival time

                                 10.000000   10.000000   max_delay
                                -10.000000    0.000000   output external delay
                                              0.000000   data required time
---------------------------------------------------------------------------------------------
                                              0.000000   data required time
                                             -3.929075   data arrival time
---------------------------------------------------------------------------------------------
                                             -3.929075   slack (VIOLATED)


Startpoint: b[0] (input port)
Endpoint: sum[28] (output port)
Path Group: path delay
Path Type: max

Fanout         Cap        Slew       Delay        Time   Description
---------------------------------------------------------------------------------------------
                                  0.000000    0.000000 ^ input external delay
     4    0.012313    0.153931    0.099533    0.099533 ^ b[0] (in)
                                                         b[0] (net)
                      0.153931    0.000000    0.099533 ^ _222_/A (sky130_fd_sc_hd__nor2_2)
     2    0.003615    0.040368    0.058212    0.157745 v _222_/Y (sky130_fd_sc_hd__nor2_2)
                                                         _031_ (net)
                      0.040368    0.000000    0.157745 v _226_/A2 (sky130_fd_sc_hd__o311a_2)
     2    0.003482    0.057527    0.364670    0.522415 v _226_/X (sky130_fd_sc_hd__o311a_2)
                                                         _035_ (net)
                      0.057527    0.000000    0.522415 v _229_/A3 (sky130_fd_sc_hd__o311a_2)
     3    0.008442    0.071791    0.353926    0.876342 v _229_/X (sky130_fd_sc_hd__o311a_2)
                                                         _038_ (net)
                      0.071791    0.000000    0.876342 v _232_/A3 (sky130_fd_sc_hd__o311a_2)
     3    0.008442    0.071830    0.358915    1.235257 v _232_/X (sky130_fd_sc_hd__o311a_2)
                                                         _041_ (net)
                      0.071830    0.000000    1.235257 v _235_/A3 (sky130_fd_sc_hd__o311a_2)
     2    0.003482    0.057608    0.335613    1.570870 v _235_/X (sky130_fd_sc_hd__o311a_2)
                                                         _044_ (net)
                      0.057608    0.000000    1.570870 v _238_/A3 (sky130_fd_sc_hd__o311a_2)
     2    0.003482    0.057527    0.330609    1.901479 v _238_/X (sky130_fd_sc_hd__o311a_2)
                                                         _047_ (net)
                      0.057527    0.000000    1.901479 v _241_/A3 (sky130_fd_sc_hd__o311a_2)
     3    0.008442    0.071791    0.353926    2.255406 v _241_/X (sky130_fd_sc_hd__o311a_2)
                                                         _050_ (net)
                      0.071791    0.000000    2.255406 v _244_/A3 (sky130_fd_sc_hd__o311a_2)
     2    0.006281    0.065983    0.349417    2.604823 v _244_/X (sky130_fd_sc_hd__o311a_2)
                                                         _053_ (net)
                      0.065983    0.000000    2.604823 v _282_/A3 (sky130_fd_sc_hd__o31a_2)
    17    0.056120    0.163815    0.424419    3.029242 v _282_/X (sky130_fd_sc_hd__o31a_2)
                                                         _075_ (net)
                      0.163815    0.000000    3.029242 v _375_/S (sky130_fd_sc_hd__mux2_1)
     1    0.007837    0.082098    0.382108    3.411350 v _375_/X (sky130_fd_sc_hd__mux2_1)
                                                         _165_ (net)
                      0.082098    0.000000    3.411350 v _376_/B (sky130_fd_sc_hd__xor2_2)
     1    0.050000    0.609828    0.498897    3.910246 ^ _376_/X (sky130_fd_sc_hd__xor2_2)
                                                         sum[28] (net)
                      0.609828    0.000000    3.910246 ^ sum[28] (out)
                                              3.910246   data arrival time

                                 10.000000   10.000000   max_delay
                                -10.000000    0.000000   output external delay
                                              0.000000   data required time
---------------------------------------------------------------------------------------------
                                              0.000000   data required time
                                             -3.910246   data arrival time
---------------------------------------------------------------------------------------------
                                             -3.910246   slack (VIOLATED)


Startpoint: b[0] (input port)
Endpoint: sum[16] (output port)
Path Group: path delay
Path Type: max

Fanout         Cap        Slew       Delay        Time   Description
---------------------------------------------------------------------------------------------
                                  0.000000    0.000000 ^ input external delay
     4    0.012313    0.153931    0.099533    0.099533 ^ b[0] (in)
                                                         b[0] (net)
                      0.153931    0.000000    0.099533 ^ _222_/A (sky130_fd_sc_hd__nor2_2)
     2    0.003615    0.040368    0.058212    0.157745 v _222_/Y (sky130_fd_sc_hd__nor2_2)
                                                         _031_ (net)
                      0.040368    0.000000    0.157745 v _226_/A2 (sky130_fd_sc_hd__o311a_2)
     2    0.003482    0.057527    0.364670    0.522415 v _226_/X (sky130_fd_sc_hd__o311a_2)
                                                         _035_ (net)
                      0.057527    0.000000    0.522415 v _229_/A3 (sky130_fd_sc_hd__o311a_2)
     3    0.008442    0.071791    0.353926    0.876342 v _229_/X (sky130_fd_sc_hd__o311a_2)
                                                         _038_ (net)
                      0.071791    0.000000    0.876342 v _232_/A3 (sky130_fd_sc_hd__o311a_2)
     3    0.008442    0.071830    0.358915    1.235257 v _232_/X (sky130_fd_sc_hd__o311a_2)
                                                         _041_ (net)
                      0.071830    0.000000    1.235257 v _235_/A3 (sky130_fd_sc_hd__o311a_2)
     2    0.003482    0.057608    0.335613    1.570870 v _235_/X (sky130_fd_sc_hd__o311a_2)
                                                         _044_ (net)
                      0.057608    0.000000    1.570870 v _238_/A3 (sky130_fd_sc_hd__o311a_2)
     2    0.003482    0.057527    0.330609    1.901479 v _238_/X (sky130_fd_sc_hd__o311a_2)
                                                         _047_ (net)
                      0.057527    0.000000    1.901479 v _241_/A3 (sky130_fd_sc_hd__o311a_2)
     3    0.008442    0.071791    0.353926    2.255406 v _241_/X (sky130_fd_sc_hd__o311a_2)
                                                         _050_ (net)
                      0.071791    0.000000    2.255406 v _244_/A3 (sky130_fd_sc_hd__o311a_2)
     2    0.006281    0.065983    0.349417    2.604823 v _244_/X (sky130_fd_sc_hd__o311a_2)
                                                         _053_ (net)
                      0.065983    0.000000    2.604823 v _282_/A3 (sky130_fd_sc_hd__o31a_2)
    17    0.056120    0.163815    0.424419    3.029242 v _282_/X (sky130_fd_sc_hd__o31a_2)
                                                         _075_ (net)
                      0.163815    0.000000    3.029242 v _410_/A (sky130_fd_sc_hd__or2_2)
     1    0.003956    0.059423    0.337754    3.366996 v _410_/X (sky130_fd_sc_hd__or2_2)
                                                         _188_ (net)
                      0.059423    0.000000    3.366996 v _411_/B2 (sky130_fd_sc_hd__a22oi_2)
     1    0.050000    0.636574    0.517434    3.884430 ^ _411_/Y (sky130_fd_sc_hd__a22oi_2)
                                                         sum[16] (net)
                      0.636574    0.000000    3.884430 ^ sum[16] (out)
                                              3.884430   data arrival time

                                 10.000000   10.000000   max_delay
                                -10.000000    0.000000   output external delay
                                              0.000000   data required time
---------------------------------------------------------------------------------------------
                                              0.000000   data required time
                                             -3.884430   data arrival time
---------------------------------------------------------------------------------------------
                                             -3.884430   slack (VIOLATED)


Startpoint: b[0] (input port)
Endpoint: cout (output port)
Path Group: path delay
Path Type: max

Fanout         Cap        Slew       Delay        Time   Description
---------------------------------------------------------------------------------------------
                                  0.000000    0.000000 ^ input external delay
     4    0.012313    0.153931    0.099533    0.099533 ^ b[0] (in)
                                                         b[0] (net)
                      0.153931    0.000000    0.099533 ^ _222_/A (sky130_fd_sc_hd__nor2_2)
     2    0.003615    0.040368    0.058212    0.157745 v _222_/Y (sky130_fd_sc_hd__nor2_2)
                                                         _031_ (net)
                      0.040368    0.000000    0.157745 v _226_/A2 (sky130_fd_sc_hd__o311a_2)
     2    0.003482    0.057527    0.364670    0.522415 v _226_/X (sky130_fd_sc_hd__o311a_2)
                                                         _035_ (net)
                      0.057527    0.000000    0.522415 v _229_/A3 (sky130_fd_sc_hd__o311a_2)
     3    0.008442    0.071791    0.353926    0.876342 v _229_/X (sky130_fd_sc_hd__o311a_2)
                                                         _038_ (net)
                      0.071791    0.000000    0.876342 v _232_/A3 (sky130_fd_sc_hd__o311a_2)
     3    0.008442    0.071830    0.358915    1.235257 v _232_/X (sky130_fd_sc_hd__o311a_2)
                                                         _041_ (net)
                      0.071830    0.000000    1.235257 v _235_/A3 (sky130_fd_sc_hd__o311a_2)
     2    0.003482    0.057608    0.335613    1.570870 v _235_/X (sky130_fd_sc_hd__o311a_2)
                                                         _044_ (net)
                      0.057608    0.000000    1.570870 v _238_/A3 (sky130_fd_sc_hd__o311a_2)
     2    0.003482    0.057527    0.330609    1.901479 v _238_/X (sky130_fd_sc_hd__o311a_2)
                                                         _047_ (net)
                      0.057527    0.000000    1.901479 v _241_/A3 (sky130_fd_sc_hd__o311a_2)
     3    0.008442    0.071791    0.353926    2.255406 v _241_/X (sky130_fd_sc_hd__o311a_2)
                                                         _050_ (net)
                      0.071791    0.000000    2.255406 v _244_/A3 (sky130_fd_sc_hd__o311a_2)
     2    0.006281    0.065983    0.349417    2.604823 v _244_/X (sky130_fd_sc_hd__o311a_2)
                                                         _053_ (net)
                      0.065983    0.000000    2.604823 v _282_/A3 (sky130_fd_sc_hd__o31a_2)
    17    0.056120    0.163815    0.424419    3.029242 v _282_/X (sky130_fd_sc_hd__o31a_2)
                                                         _075_ (net)
                      0.163815    0.000000    3.029242 v _366_/S (sky130_fd_sc_hd__mux2_1)
     2    0.010341    0.093595    0.396618    3.425860 v _366_/X (sky130_fd_sc_hd__mux2_1)
                                                         _159_ (net)
                      0.093595    0.000000    3.425860 v _412_/A2 (sky130_fd_sc_hd__a21bo_2)
     1    0.050000    0.136632    0.335699    3.761559 v _412_/X (sky130_fd_sc_hd__a21bo_2)
                                                         cout (net)
                      0.136632    0.000000    3.761559 v cout (out)
                                              3.761559   data arrival time

                                 10.000000   10.000000   max_delay
                                -10.000000    0.000000   output external delay
                                              0.000000   data required time
---------------------------------------------------------------------------------------------
                                              0.000000   data required time
                                             -3.761559   data arrival time
---------------------------------------------------------------------------------------------
                                             -3.761559   slack (VIOLATED)


Startpoint: b[0] (input port)
Endpoint: sum[17] (output port)
Path Group: path delay
Path Type: max

Fanout         Cap        Slew       Delay        Time   Description
---------------------------------------------------------------------------------------------
                                  0.000000    0.000000 ^ input external delay
     4    0.012313    0.153931    0.099533    0.099533 ^ b[0] (in)
                                                         b[0] (net)
                      0.153931    0.000000    0.099533 ^ _222_/A (sky130_fd_sc_hd__nor2_2)
     2    0.003615    0.040368    0.058212    0.157745 v _222_/Y (sky130_fd_sc_hd__nor2_2)
                                                         _031_ (net)
                      0.040368    0.000000    0.157745 v _226_/A2 (sky130_fd_sc_hd__o311a_2)
     2    0.003482    0.057527    0.364670    0.522415 v _226_/X (sky130_fd_sc_hd__o311a_2)
                                                         _035_ (net)
                      0.057527    0.000000    0.522415 v _229_/A3 (sky130_fd_sc_hd__o311a_2)
     3    0.008442    0.071791    0.353926    0.876342 v _229_/X (sky130_fd_sc_hd__o311a_2)
                                                         _038_ (net)
                      0.071791    0.000000    0.876342 v _232_/A3 (sky130_fd_sc_hd__o311a_2)
     3    0.008442    0.071830    0.358915    1.235257 v _232_/X (sky130_fd_sc_hd__o311a_2)
                                                         _041_ (net)
                      0.071830    0.000000    1.235257 v _235_/A3 (sky130_fd_sc_hd__o311a_2)
     2    0.003482    0.057608    0.335613    1.570870 v _235_/X (sky130_fd_sc_hd__o311a_2)
                                                         _044_ (net)
                      0.057608    0.000000    1.570870 v _238_/A3 (sky130_fd_sc_hd__o311a_2)
     2    0.003482    0.057527    0.330609    1.901479 v _238_/X (sky130_fd_sc_hd__o311a_2)
                                                         _047_ (net)
                      0.057527    0.000000    1.901479 v _241_/A3 (sky130_fd_sc_hd__o311a_2)
     3    0.008442    0.071791    0.353926    2.255406 v _241_/X (sky130_fd_sc_hd__o311a_2)
                                                         _050_ (net)
                      0.071791    0.000000    2.255406 v _244_/A3 (sky130_fd_sc_hd__o311a_2)
     2    0.006281    0.065983    0.349417    2.604823 v _244_/X (sky130_fd_sc_hd__o311a_2)
                                                         _053_ (net)
                      0.065983    0.000000    2.604823 v _282_/A3 (sky130_fd_sc_hd__o31a_2)
    17    0.056120    0.163815    0.424419    3.029242 v _282_/X (sky130_fd_sc_hd__o31a_2)
                                                         _075_ (net)
                      0.163815    0.000000    3.029242 v _408_/A1 (sky130_fd_sc_hd__o21ai_2)
     2    0.012910    0.190162    0.241894    3.271136 ^ _408_/Y (sky130_fd_sc_hd__o21ai_2)
                                                         _187_ (net)
                      0.190162    0.000000    3.271136 ^ _409_/B (sky130_fd_sc_hd__xnor2_2)
     1    0.050000    0.644895    0.289923    3.561059 ^ _409_/Y (sky130_fd_sc_hd__xnor2_2)
                                                         sum[17] (net)
                      0.644895    0.000000    3.561059 ^ sum[17] (out)
                                              3.561059   data arrival time

                                 10.000000   10.000000   max_delay
                                -10.000000    0.000000   output external delay
                                              0.000000   data required time
---------------------------------------------------------------------------------------------
                                              0.000000   data required time
                                             -3.561059   data arrival time
---------------------------------------------------------------------------------------------
                                             -3.561059   slack (VIOLATED)


Startpoint: b[0] (input port)
Endpoint: sum[14] (output port)
Path Group: path delay
Path Type: max

Fanout         Cap        Slew       Delay        Time   Description
---------------------------------------------------------------------------------------------
                                  0.000000    0.000000 ^ input external delay
     4    0.012313    0.153931    0.099533    0.099533 ^ b[0] (in)
                                                         b[0] (net)
                      0.153931    0.000000    0.099533 ^ _222_/A (sky130_fd_sc_hd__nor2_2)
     2    0.003615    0.040368    0.058212    0.157745 v _222_/Y (sky130_fd_sc_hd__nor2_2)
                                                         _031_ (net)
                      0.040368    0.000000    0.157745 v _226_/A2 (sky130_fd_sc_hd__o311a_2)
     2    0.003482    0.057527    0.364670    0.522415 v _226_/X (sky130_fd_sc_hd__o311a_2)
                                                         _035_ (net)
                      0.057527    0.000000    0.522415 v _229_/A3 (sky130_fd_sc_hd__o311a_2)
     3    0.008442    0.071791    0.353926    0.876342 v _229_/X (sky130_fd_sc_hd__o311a_2)
                                                         _038_ (net)
                      0.071791    0.000000    0.876342 v _232_/A3 (sky130_fd_sc_hd__o311a_2)
     3    0.008442    0.071830    0.358915    1.235257 v _232_/X (sky130_fd_sc_hd__o311a_2)
                                                         _041_ (net)
                      0.071830    0.000000    1.235257 v _235_/A3 (sky130_fd_sc_hd__o311a_2)
     2    0.003482    0.057608    0.335613    1.570870 v _235_/X (sky130_fd_sc_hd__o311a_2)
                                                         _044_ (net)
                      0.057608    0.000000    1.570870 v _238_/A3 (sky130_fd_sc_hd__o311a_2)
     2    0.003482    0.057527    0.330609    1.901479 v _238_/X (sky130_fd_sc_hd__o311a_2)
                                                         _047_ (net)
                      0.057527    0.000000    1.901479 v _241_/A3 (sky130_fd_sc_hd__o311a_2)
     3    0.008442    0.071791    0.353926    2.255406 v _241_/X (sky130_fd_sc_hd__o311a_2)
                                                         _050_ (net)
                      0.071791    0.000000    2.255406 v _243_/A3 (sky130_fd_sc_hd__o31a_2)
     3    0.007767    0.065217    0.307375    2.562781 v _243_/X (sky130_fd_sc_hd__o31a_2)
                                                         _052_ (net)
                      0.065217    0.000000    2.562781 v _247_/B (sky130_fd_sc_hd__or2_2)
     1    0.003956    0.059508    0.280966    2.843747 v _247_/X (sky130_fd_sc_hd__or2_2)
                                                         _055_ (net)
                      0.059508    0.000000    2.843747 v _248_/B2 (sky130_fd_sc_hd__a22oi_2)
     1    0.001807    0.108975    0.129033    2.972780 ^ _248_/Y (sky130_fd_sc_hd__a22oi_2)
                                                         low.GEN_FA[14].fa.sum (net)
                      0.108975    0.000000    2.972780 ^ _427_/A (sky130_fd_sc_hd__buf_2)
     1    0.050000    0.247320    0.273704    3.246484 ^ _427_/X (sky130_fd_sc_hd__buf_2)
                                                         sum[14] (net)
                      0.247320    0.000000    3.246484 ^ sum[14] (out)
                                              3.246484   data arrival time

                                 10.000000   10.000000   max_delay
                                -10.000000    0.000000   output external delay
                                              0.000000   data required time
---------------------------------------------------------------------------------------------
                                              0.000000   data required time
                                             -3.246484   data arrival time
---------------------------------------------------------------------------------------------
                                             -3.246484   slack (VIOLATED)


Startpoint: b[0] (input port)
Endpoint: sum[15] (output port)
Path Group: path delay
Path Type: max

Fanout         Cap        Slew       Delay        Time   Description
---------------------------------------------------------------------------------------------
                                  0.000000    0.000000 ^ input external delay
     4    0.012313    0.153931    0.099533    0.099533 ^ b[0] (in)
                                                         b[0] (net)
                      0.153931    0.000000    0.099533 ^ _222_/A (sky130_fd_sc_hd__nor2_2)
     2    0.003615    0.040368    0.058212    0.157745 v _222_/Y (sky130_fd_sc_hd__nor2_2)
                                                         _031_ (net)
                      0.040368    0.000000    0.157745 v _226_/A2 (sky130_fd_sc_hd__o311a_2)
     2    0.003482    0.057527    0.364670    0.522415 v _226_/X (sky130_fd_sc_hd__o311a_2)
                                                         _035_ (net)
                      0.057527    0.000000    0.522415 v _229_/A3 (sky130_fd_sc_hd__o311a_2)
     3    0.008442    0.071791    0.353926    0.876342 v _229_/X (sky130_fd_sc_hd__o311a_2)
                                                         _038_ (net)
                      0.071791    0.000000    0.876342 v _232_/A3 (sky130_fd_sc_hd__o311a_2)
     3    0.008442    0.071830    0.358915    1.235257 v _232_/X (sky130_fd_sc_hd__o311a_2)
                                                         _041_ (net)
                      0.071830    0.000000    1.235257 v _235_/A3 (sky130_fd_sc_hd__o311a_2)
     2    0.003482    0.057608    0.335613    1.570870 v _235_/X (sky130_fd_sc_hd__o311a_2)
                                                         _044_ (net)
                      0.057608    0.000000    1.570870 v _238_/A3 (sky130_fd_sc_hd__o311a_2)
     2    0.003482    0.057527    0.330609    1.901479 v _238_/X (sky130_fd_sc_hd__o311a_2)
                                                         _047_ (net)
                      0.057527    0.000000    1.901479 v _241_/A3 (sky130_fd_sc_hd__o311a_2)
     3    0.008442    0.071791    0.353926    2.255406 v _241_/X (sky130_fd_sc_hd__o311a_2)
                                                         _050_ (net)
                      0.071791    0.000000    2.255406 v _244_/A3 (sky130_fd_sc_hd__o311a_2)
     2    0.006281    0.065983    0.349417    2.604823 v _244_/X (sky130_fd_sc_hd__o311a_2)
                                                         _053_ (net)
                      0.065983    0.000000    2.604823 v _245_/B (sky130_fd_sc_hd__nor2_2)
     2    0.012910    0.165184    0.153242    2.758065 ^ _245_/Y (sky130_fd_sc_hd__nor2_2)
                                                         _054_ (net)
                      0.165184    0.000000    2.758065 ^ _246_/B (sky130_fd_sc_hd__xnor2_2)
     1    0.001807    0.089040    0.117313    2.875378 ^ _246_/Y (sky130_fd_sc_hd__xnor2_2)
                                                         low.GEN_FA[15].fa.sum (net)
                      0.089040    0.000000    2.875378 ^ _428_/A (sky130_fd_sc_hd__buf_2)
     1    0.050000    0.247172    0.266433    3.141811 ^ _428_/X (sky130_fd_sc_hd__buf_2)
                                                         sum[15] (net)
                      0.247172    0.000000    3.141811 ^ sum[15] (out)
                                              3.141811   data arrival time

                                 10.000000   10.000000   max_delay
                                -10.000000    0.000000   output external delay
                                              0.000000   data required time
---------------------------------------------------------------------------------------------
                                              0.000000   data required time
                                             -3.141811   data arrival time
---------------------------------------------------------------------------------------------
                                             -3.141811   slack (VIOLATED)


Startpoint: b[0] (input port)
Endpoint: sum[13] (output port)
Path Group: path delay
Path Type: max

Fanout         Cap        Slew       Delay        Time   Description
---------------------------------------------------------------------------------------------
                                  0.000000    0.000000 ^ input external delay
     4    0.012313    0.153931    0.099533    0.099533 ^ b[0] (in)
                                                         b[0] (net)
                      0.153931    0.000000    0.099533 ^ _222_/A (sky130_fd_sc_hd__nor2_2)
     2    0.003615    0.040368    0.058212    0.157745 v _222_/Y (sky130_fd_sc_hd__nor2_2)
                                                         _031_ (net)
                      0.040368    0.000000    0.157745 v _226_/A2 (sky130_fd_sc_hd__o311a_2)
     2    0.003482    0.057527    0.364670    0.522415 v _226_/X (sky130_fd_sc_hd__o311a_2)
                                                         _035_ (net)
                      0.057527    0.000000    0.522415 v _229_/A3 (sky130_fd_sc_hd__o311a_2)
     3    0.008442    0.071791    0.353926    0.876342 v _229_/X (sky130_fd_sc_hd__o311a_2)
                                                         _038_ (net)
                      0.071791    0.000000    0.876342 v _232_/A3 (sky130_fd_sc_hd__o311a_2)
     3    0.008442    0.071830    0.358915    1.235257 v _232_/X (sky130_fd_sc_hd__o311a_2)
                                                         _041_ (net)
                      0.071830    0.000000    1.235257 v _235_/A3 (sky130_fd_sc_hd__o311a_2)
     2    0.003482    0.057608    0.335613    1.570870 v _235_/X (sky130_fd_sc_hd__o311a_2)
                                                         _044_ (net)
                      0.057608    0.000000    1.570870 v _238_/A3 (sky130_fd_sc_hd__o311a_2)
     2    0.003482    0.057527    0.330609    1.901479 v _238_/X (sky130_fd_sc_hd__o311a_2)
                                                         _047_ (net)
                      0.057527    0.000000    1.901479 v _241_/A3 (sky130_fd_sc_hd__o311a_2)
     3    0.008442    0.071791    0.353926    2.255406 v _241_/X (sky130_fd_sc_hd__o311a_2)
                                                         _050_ (net)
                      0.071791    0.000000    2.255406 v _243_/A3 (sky130_fd_sc_hd__o31a_2)
     3    0.007767    0.065217    0.307375    2.562781 v _243_/X (sky130_fd_sc_hd__o31a_2)
                                                         _052_ (net)
                      0.065217    0.000000    2.562781 v _250_/B1 (sky130_fd_sc_hd__o22a_2)
     1    0.001647    0.032613    0.193215    2.755997 v _250_/X (sky130_fd_sc_hd__o22a_2)
                                                         low.GEN_FA[13].fa.sum (net)
                      0.032613    0.000000    2.755997 v _426_/A (sky130_fd_sc_hd__buf_2)
     1    0.050000    0.121607    0.201617    2.957614 v _426_/X (sky130_fd_sc_hd__buf_2)
                                                         sum[13] (net)
                      0.121607    0.000000    2.957614 v sum[13] (out)
                                              2.957614   data arrival time

                                 10.000000   10.000000   max_delay
                                -10.000000    0.000000   output external delay
                                              0.000000   data required time
---------------------------------------------------------------------------------------------
                                              0.000000   data required time
                                             -2.957614   data arrival time
---------------------------------------------------------------------------------------------
                                             -2.957614   slack (VIOLATED)


Startpoint: b[0] (input port)
Endpoint: sum[11] (output port)
Path Group: path delay
Path Type: max

Fanout         Cap        Slew       Delay        Time   Description
---------------------------------------------------------------------------------------------
                                  0.000000    0.000000 ^ input external delay
     4    0.012313    0.153931    0.099533    0.099533 ^ b[0] (in)
                                                         b[0] (net)
                      0.153931    0.000000    0.099533 ^ _222_/A (sky130_fd_sc_hd__nor2_2)
     2    0.003615    0.040368    0.058212    0.157745 v _222_/Y (sky130_fd_sc_hd__nor2_2)
                                                         _031_ (net)
                      0.040368    0.000000    0.157745 v _226_/A2 (sky130_fd_sc_hd__o311a_2)
     2    0.003482    0.057527    0.364670    0.522415 v _226_/X (sky130_fd_sc_hd__o311a_2)
                                                         _035_ (net)
                      0.057527    0.000000    0.522415 v _229_/A3 (sky130_fd_sc_hd__o311a_2)
     3    0.008442    0.071791    0.353926    0.876342 v _229_/X (sky130_fd_sc_hd__o311a_2)
                                                         _038_ (net)
                      0.071791    0.000000    0.876342 v _232_/A3 (sky130_fd_sc_hd__o311a_2)
     3    0.008442    0.071830    0.358915    1.235257 v _232_/X (sky130_fd_sc_hd__o311a_2)
                                                         _041_ (net)
                      0.071830    0.000000    1.235257 v _235_/A3 (sky130_fd_sc_hd__o311a_2)
     2    0.003482    0.057608    0.335613    1.570870 v _235_/X (sky130_fd_sc_hd__o311a_2)
                                                         _044_ (net)
                      0.057608    0.000000    1.570870 v _238_/A3 (sky130_fd_sc_hd__o311a_2)
     2    0.003482    0.057527    0.330609    1.901479 v _238_/X (sky130_fd_sc_hd__o311a_2)
                                                         _047_ (net)
                      0.057527    0.000000    1.901479 v _239_/B (sky130_fd_sc_hd__or2_2)
     3    0.009060    0.074544    0.300695    2.202174 v _239_/X (sky130_fd_sc_hd__or2_2)
                                                         _048_ (net)
                      0.074544    0.000000    2.202174 v _240_/A2 (sky130_fd_sc_hd__o21a_2)
     2    0.009651    0.051583    0.222013    2.424187 v _240_/X (sky130_fd_sc_hd__o21a_2)
                                                         _049_ (net)
                      0.051583    0.000000    2.424187 v _253_/B1_N (sky130_fd_sc_hd__o21ba_2)
     1    0.004707    0.046108    0.232096    2.656283 ^ _253_/X (sky130_fd_sc_hd__o21ba_2)
                                                         _058_ (net)
                      0.046108    0.000000    2.656283 ^ _254_/B1 (sky130_fd_sc_hd__a21oi_2)
     1    0.001647    0.039313    0.026176    2.682459 v _254_/Y (sky130_fd_sc_hd__a21oi_2)
                                                         low.GEN_FA[11].fa.sum (net)
                      0.039313    0.000000    2.682459 v _424_/A (sky130_fd_sc_hd__buf_2)
     1    0.050000    0.121536    0.204502    2.886961 v _424_/X (sky130_fd_sc_hd__buf_2)
                                                         sum[11] (net)
                      0.121536    0.000000    2.886961 v sum[11] (out)
                                              2.886961   data arrival time

                                 10.000000   10.000000   max_delay
                                -10.000000    0.000000   output external delay
                                              0.000000   data required time
---------------------------------------------------------------------------------------------
                                              0.000000   data required time
                                             -2.886961   data arrival time
---------------------------------------------------------------------------------------------
                                             -2.886961   slack (VIOLATED)


Startpoint: b[0] (input port)
Endpoint: sum[12] (output port)
Path Group: path delay
Path Type: max

Fanout         Cap        Slew       Delay        Time   Description
---------------------------------------------------------------------------------------------
                                  0.000000    0.000000 ^ input external delay
     4    0.012313    0.153931    0.099533    0.099533 ^ b[0] (in)
                                                         b[0] (net)
                      0.153931    0.000000    0.099533 ^ _222_/A (sky130_fd_sc_hd__nor2_2)
     2    0.003615    0.040368    0.058212    0.157745 v _222_/Y (sky130_fd_sc_hd__nor2_2)
                                                         _031_ (net)
                      0.040368    0.000000    0.157745 v _226_/A2 (sky130_fd_sc_hd__o311a_2)
     2    0.003482    0.057527    0.364670    0.522415 v _226_/X (sky130_fd_sc_hd__o311a_2)
                                                         _035_ (net)
                      0.057527    0.000000    0.522415 v _229_/A3 (sky130_fd_sc_hd__o311a_2)
     3    0.008442    0.071791    0.353926    0.876342 v _229_/X (sky130_fd_sc_hd__o311a_2)
                                                         _038_ (net)
                      0.071791    0.000000    0.876342 v _232_/A3 (sky130_fd_sc_hd__o311a_2)
     3    0.008442    0.071830    0.358915    1.235257 v _232_/X (sky130_fd_sc_hd__o311a_2)
                                                         _041_ (net)
                      0.071830    0.000000    1.235257 v _235_/A3 (sky130_fd_sc_hd__o311a_2)
     2    0.003482    0.057608    0.335613    1.570870 v _235_/X (sky130_fd_sc_hd__o311a_2)
                                                         _044_ (net)
                      0.057608    0.000000    1.570870 v _238_/A3 (sky130_fd_sc_hd__o311a_2)
     2    0.003482    0.057527    0.330609    1.901479 v _238_/X (sky130_fd_sc_hd__o311a_2)
                                                         _047_ (net)
                      0.057527    0.000000    1.901479 v _239_/B (sky130_fd_sc_hd__or2_2)
     3    0.009060    0.074544    0.300695    2.202174 v _239_/X (sky130_fd_sc_hd__or2_2)
                                                         _048_ (net)
                      0.074544    0.000000    2.202174 v _240_/A2 (sky130_fd_sc_hd__o21a_2)
     2    0.009651    0.051583    0.222013    2.424187 v _240_/X (sky130_fd_sc_hd__o21a_2)
                                                         _049_ (net)
                      0.051583    0.000000    2.424187 v _252_/A (sky130_fd_sc_hd__xnor2_2)
     1    0.001807    0.089040    0.127293    2.551480 ^ _252_/Y (sky130_fd_sc_hd__xnor2_2)
                                                         low.GEN_FA[12].fa.sum (net)
                      0.089040    0.000000    2.551480 ^ _425_/A (sky130_fd_sc_hd__buf_2)
     1    0.050000    0.247172    0.266433    2.817913 ^ _425_/X (sky130_fd_sc_hd__buf_2)
                                                         sum[12] (net)
                      0.247172    0.000000    2.817913 ^ sum[12] (out)
                                              2.817913   data arrival time

                                 10.000000   10.000000   max_delay
                                -10.000000    0.000000   output external delay
                                              0.000000   data required time
---------------------------------------------------------------------------------------------
                                              0.000000   data required time
                                             -2.817913   data arrival time
---------------------------------------------------------------------------------------------
                                             -2.817913   slack (VIOLATED)


Startpoint: b[0] (input port)
Endpoint: sum[10] (output port)
Path Group: path delay
Path Type: max

Fanout         Cap        Slew       Delay        Time   Description
---------------------------------------------------------------------------------------------
                                  0.000000    0.000000 ^ input external delay
     4    0.012313    0.153931    0.099533    0.099533 ^ b[0] (in)
                                                         b[0] (net)
                      0.153931    0.000000    0.099533 ^ _222_/A (sky130_fd_sc_hd__nor2_2)
     2    0.003615    0.040368    0.058212    0.157745 v _222_/Y (sky130_fd_sc_hd__nor2_2)
                                                         _031_ (net)
                      0.040368    0.000000    0.157745 v _226_/A2 (sky130_fd_sc_hd__o311a_2)
     2    0.003482    0.057527    0.364670    0.522415 v _226_/X (sky130_fd_sc_hd__o311a_2)
                                                         _035_ (net)
                      0.057527    0.000000    0.522415 v _229_/A3 (sky130_fd_sc_hd__o311a_2)
     3    0.008442    0.071791    0.353926    0.876342 v _229_/X (sky130_fd_sc_hd__o311a_2)
                                                         _038_ (net)
                      0.071791    0.000000    0.876342 v _232_/A3 (sky130_fd_sc_hd__o311a_2)
     3    0.008442    0.071830    0.358915    1.235257 v _232_/X (sky130_fd_sc_hd__o311a_2)
                                                         _041_ (net)
                      0.071830    0.000000    1.235257 v _235_/A3 (sky130_fd_sc_hd__o311a_2)
     2    0.003482    0.057608    0.335613    1.570870 v _235_/X (sky130_fd_sc_hd__o311a_2)
                                                         _044_ (net)
                      0.057608    0.000000    1.570870 v _236_/B (sky130_fd_sc_hd__or2_2)
     3    0.012209    0.083799    0.314378    1.885249 v _236_/X (sky130_fd_sc_hd__or2_2)
                                                         _045_ (net)
                      0.083799    0.000000    1.885249 v _237_/A2 (sky130_fd_sc_hd__o21a_2)
     1    0.008318    0.048422    0.221396    2.106645 v _237_/X (sky130_fd_sc_hd__o21a_2)
                                                         _046_ (net)
                      0.048422    0.000000    2.106645 v _256_/A (sky130_fd_sc_hd__xnor2_2)
     1    0.001807    0.089034    0.126015    2.232661 ^ _256_/Y (sky130_fd_sc_hd__xnor2_2)
                                                         low.GEN_FA[10].fa.sum (net)
                      0.089034    0.000000    2.232661 ^ _423_/A (sky130_fd_sc_hd__buf_2)
     1    0.050000    0.247172    0.266431    2.499091 ^ _423_/X (sky130_fd_sc_hd__buf_2)
                                                         sum[10] (net)
                      0.247172    0.000000    2.499091 ^ sum[10] (out)
                                              2.499091   data arrival time

                                 10.000000   10.000000   max_delay
                                -10.000000    0.000000   output external delay
                                              0.000000   data required time
---------------------------------------------------------------------------------------------
                                              0.000000   data required time
                                             -2.499091   data arrival time
---------------------------------------------------------------------------------------------
                                             -2.499091   slack (VIOLATED)


Startpoint: b[0] (input port)
Endpoint: sum[8] (output port)
Path Group: path delay
Path Type: max

Fanout         Cap        Slew       Delay        Time   Description
---------------------------------------------------------------------------------------------
                                  0.000000    0.000000 ^ input external delay
     4    0.012313    0.153931    0.099533    0.099533 ^ b[0] (in)
                                                         b[0] (net)
                      0.153931    0.000000    0.099533 ^ _222_/A (sky130_fd_sc_hd__nor2_2)
     2    0.003615    0.040368    0.058212    0.157745 v _222_/Y (sky130_fd_sc_hd__nor2_2)
                                                         _031_ (net)
                      0.040368    0.000000    0.157745 v _226_/A2 (sky130_fd_sc_hd__o311a_2)
     2    0.003482    0.057527    0.364670    0.522415 v _226_/X (sky130_fd_sc_hd__o311a_2)
                                                         _035_ (net)
                      0.057527    0.000000    0.522415 v _229_/A3 (sky130_fd_sc_hd__o311a_2)
     3    0.008442    0.071791    0.353926    0.876342 v _229_/X (sky130_fd_sc_hd__o311a_2)
                                                         _038_ (net)
                      0.071791    0.000000    0.876342 v _232_/A3 (sky130_fd_sc_hd__o311a_2)
     3    0.008442    0.071830    0.358915    1.235257 v _232_/X (sky130_fd_sc_hd__o311a_2)
                                                         _041_ (net)
                      0.071830    0.000000    1.235257 v _235_/A3 (sky130_fd_sc_hd__o311a_2)
     2    0.003482    0.057608    0.335613    1.570870 v _235_/X (sky130_fd_sc_hd__o311a_2)
                                                         _044_ (net)
                      0.057608    0.000000    1.570870 v _236_/B (sky130_fd_sc_hd__or2_2)
     3    0.012209    0.083799    0.314378    1.885249 v _236_/X (sky130_fd_sc_hd__or2_2)
                                                         _045_ (net)
                      0.083799    0.000000    1.885249 v _260_/B1 (sky130_fd_sc_hd__o2bb2a_2)
     1    0.001647    0.040132    0.259296    2.144545 v _260_/X (sky130_fd_sc_hd__o2bb2a_2)
                                                         low.GEN_FA[8].fa.sum (net)
                      0.040132    0.000000    2.144545 v _421_/A (sky130_fd_sc_hd__buf_2)
     1    0.050000    0.121528    0.204855    2.349400 v _421_/X (sky130_fd_sc_hd__buf_2)
                                                         sum[8] (net)
                      0.121528    0.000000    2.349400 v sum[8] (out)
                                              2.349400   data arrival time

                                 10.000000   10.000000   max_delay
                                -10.000000    0.000000   output external delay
                                              0.000000   data required time
---------------------------------------------------------------------------------------------
                                              0.000000   data required time
                                             -2.349400   data arrival time
---------------------------------------------------------------------------------------------
                                             -2.349400   slack (VIOLATED)


Startpoint: b[0] (input port)
Endpoint: sum[9] (output port)
Path Group: path delay
Path Type: max

Fanout         Cap        Slew       Delay        Time   Description
---------------------------------------------------------------------------------------------
                                  0.000000    0.000000 ^ input external delay
     4    0.012313    0.153931    0.099533    0.099533 ^ b[0] (in)
                                                         b[0] (net)
                      0.153931    0.000000    0.099533 ^ _222_/A (sky130_fd_sc_hd__nor2_2)
     2    0.003615    0.040368    0.058212    0.157745 v _222_/Y (sky130_fd_sc_hd__nor2_2)
                                                         _031_ (net)
                      0.040368    0.000000    0.157745 v _226_/A2 (sky130_fd_sc_hd__o311a_2)
     2    0.003482    0.057527    0.364670    0.522415 v _226_/X (sky130_fd_sc_hd__o311a_2)
                                                         _035_ (net)
                      0.057527    0.000000    0.522415 v _229_/A3 (sky130_fd_sc_hd__o311a_2)
     3    0.008442    0.071791    0.353926    0.876342 v _229_/X (sky130_fd_sc_hd__o311a_2)
                                                         _038_ (net)
                      0.071791    0.000000    0.876342 v _232_/A3 (sky130_fd_sc_hd__o311a_2)
     3    0.008442    0.071830    0.358915    1.235257 v _232_/X (sky130_fd_sc_hd__o311a_2)
                                                         _041_ (net)
                      0.071830    0.000000    1.235257 v _235_/A3 (sky130_fd_sc_hd__o311a_2)
     2    0.003482    0.057608    0.335613    1.570870 v _235_/X (sky130_fd_sc_hd__o311a_2)
                                                         _044_ (net)
                      0.057608    0.000000    1.570870 v _236_/B (sky130_fd_sc_hd__or2_2)
     3    0.012209    0.083799    0.314378    1.885249 v _236_/X (sky130_fd_sc_hd__or2_2)
                                                         _045_ (net)
                      0.083799    0.000000    1.885249 v _258_/A (sky130_fd_sc_hd__xnor2_2)
     1    0.001807    0.089029    0.139880    2.025128 ^ _258_/Y (sky130_fd_sc_hd__xnor2_2)
                                                         low.GEN_FA[9].fa.sum (net)
                      0.089029    0.000000    2.025128 ^ _422_/A (sky130_fd_sc_hd__buf_2)
     1    0.050000    0.247171    0.266429    2.291557 ^ _422_/X (sky130_fd_sc_hd__buf_2)
                                                         sum[9] (net)
                      0.247171    0.000000    2.291557 ^ sum[9] (out)
                                              2.291557   data arrival time

                                 10.000000   10.000000   max_delay
                                -10.000000    0.000000   output external delay
                                              0.000000   data required time
---------------------------------------------------------------------------------------------
                                              0.000000   data required time
                                             -2.291557   data arrival time
---------------------------------------------------------------------------------------------
                                             -2.291557   slack (VIOLATED)


Startpoint: b[0] (input port)
Endpoint: sum[7] (output port)
Path Group: path delay
Path Type: max

Fanout         Cap        Slew       Delay        Time   Description
---------------------------------------------------------------------------------------------
                                  0.000000    0.000000 ^ input external delay
     4    0.012313    0.153931    0.099533    0.099533 ^ b[0] (in)
                                                         b[0] (net)
                      0.153931    0.000000    0.099533 ^ _222_/A (sky130_fd_sc_hd__nor2_2)
     2    0.003615    0.040368    0.058212    0.157745 v _222_/Y (sky130_fd_sc_hd__nor2_2)
                                                         _031_ (net)
                      0.040368    0.000000    0.157745 v _226_/A2 (sky130_fd_sc_hd__o311a_2)
     2    0.003482    0.057527    0.364670    0.522415 v _226_/X (sky130_fd_sc_hd__o311a_2)
                                                         _035_ (net)
                      0.057527    0.000000    0.522415 v _229_/A3 (sky130_fd_sc_hd__o311a_2)
     3    0.008442    0.071791    0.353926    0.876342 v _229_/X (sky130_fd_sc_hd__o311a_2)
                                                         _038_ (net)
                      0.071791    0.000000    0.876342 v _232_/A3 (sky130_fd_sc_hd__o311a_2)
     3    0.008442    0.071830    0.358915    1.235257 v _232_/X (sky130_fd_sc_hd__o311a_2)
                                                         _041_ (net)
                      0.071830    0.000000    1.235257 v _234_/A3 (sky130_fd_sc_hd__o31a_2)
     3    0.008058    0.066005    0.308579    1.543836 v _234_/X (sky130_fd_sc_hd__o31a_2)
                                                         _043_ (net)
                      0.066005    0.000000    1.543836 v _263_/A1 (sky130_fd_sc_hd__o21a_2)
     1    0.001647    0.030355    0.204158    1.747995 v _263_/X (sky130_fd_sc_hd__o21a_2)
                                                         low.GEN_FA[7].fa.sum (net)
                      0.030355    0.000000    1.747995 v _420_/A (sky130_fd_sc_hd__buf_2)
     1    0.050000    0.121631    0.200646    1.948640 v _420_/X (sky130_fd_sc_hd__buf_2)
                                                         sum[7] (net)
                      0.121631    0.000000    1.948640 v sum[7] (out)
                                              1.948640   data arrival time

                                 10.000000   10.000000   max_delay
                                -10.000000    0.000000   output external delay
                                              0.000000   data required time
---------------------------------------------------------------------------------------------
                                              0.000000   data required time
                                             -1.948640   data arrival time
---------------------------------------------------------------------------------------------
                                             -1.948640   slack (VIOLATED)


Startpoint: b[0] (input port)
Endpoint: sum[6] (output port)
Path Group: path delay
Path Type: max

Fanout         Cap        Slew       Delay        Time   Description
---------------------------------------------------------------------------------------------
                                  0.000000    0.000000 ^ input external delay
     4    0.012313    0.153931    0.099533    0.099533 ^ b[0] (in)
                                                         b[0] (net)
                      0.153931    0.000000    0.099533 ^ _222_/A (sky130_fd_sc_hd__nor2_2)
     2    0.003615    0.040368    0.058212    0.157745 v _222_/Y (sky130_fd_sc_hd__nor2_2)
                                                         _031_ (net)
                      0.040368    0.000000    0.157745 v _226_/A2 (sky130_fd_sc_hd__o311a_2)
     2    0.003482    0.057527    0.364670    0.522415 v _226_/X (sky130_fd_sc_hd__o311a_2)
                                                         _035_ (net)
                      0.057527    0.000000    0.522415 v _229_/A3 (sky130_fd_sc_hd__o311a_2)
     3    0.008442    0.071791    0.353926    0.876342 v _229_/X (sky130_fd_sc_hd__o311a_2)
                                                         _038_ (net)
                      0.071791    0.000000    0.876342 v _231_/A3 (sky130_fd_sc_hd__o31a_2)
     1    0.008318    0.066709    0.309630    1.185971 v _231_/X (sky130_fd_sc_hd__o31a_2)
                                                         _040_ (net)
                      0.066709    0.000000    1.185971 v _265_/A (sky130_fd_sc_hd__xnor2_2)
     1    0.001807    0.089037    0.133214    1.319185 ^ _265_/Y (sky130_fd_sc_hd__xnor2_2)
                                                         low.GEN_FA[6].fa.sum (net)
                      0.089037    0.000000    1.319185 ^ _419_/A (sky130_fd_sc_hd__buf_2)
     1    0.050000    0.247172    0.266432    1.585617 ^ _419_/X (sky130_fd_sc_hd__buf_2)
                                                         sum[6] (net)
                      0.247172    0.000000    1.585617 ^ sum[6] (out)
                                              1.585617   data arrival time

                                 10.000000   10.000000   max_delay
                                -10.000000    0.000000   output external delay
                                              0.000000   data required time
---------------------------------------------------------------------------------------------
                                              0.000000   data required time
                                             -1.585617   data arrival time
---------------------------------------------------------------------------------------------
                                             -1.585617   slack (VIOLATED)


Startpoint: b[0] (input port)
Endpoint: sum[4] (output port)
Path Group: path delay
Path Type: max

Fanout         Cap        Slew       Delay        Time   Description
---------------------------------------------------------------------------------------------
                                  0.000000    0.000000 ^ input external delay
     4    0.012313    0.153931    0.099533    0.099533 ^ b[0] (in)
                                                         b[0] (net)
                      0.153931    0.000000    0.099533 ^ _222_/A (sky130_fd_sc_hd__nor2_2)
     2    0.003615    0.040368    0.058212    0.157745 v _222_/Y (sky130_fd_sc_hd__nor2_2)
                                                         _031_ (net)
                      0.040368    0.000000    0.157745 v _226_/A2 (sky130_fd_sc_hd__o311a_2)
     2    0.003482    0.057527    0.364670    0.522415 v _226_/X (sky130_fd_sc_hd__o311a_2)
                                                         _035_ (net)
                      0.057527    0.000000    0.522415 v _227_/B (sky130_fd_sc_hd__or2_2)
     2    0.010561    0.078876    0.307202    0.829618 v _227_/X (sky130_fd_sc_hd__or2_2)
                                                         _036_ (net)
                      0.078876    0.000000    0.829618 v _228_/A2 (sky130_fd_sc_hd__o21a_2)
     1    0.008318    0.048422    0.219388    1.049005 v _228_/X (sky130_fd_sc_hd__o21a_2)
                                                         _037_ (net)
                      0.048422    0.000000    1.049005 v _269_/A (sky130_fd_sc_hd__xnor2_2)
     1    0.001807    0.089034    0.126015    1.175021 ^ _269_/Y (sky130_fd_sc_hd__xnor2_2)
                                                         low.GEN_FA[4].fa.sum (net)
                      0.089034    0.000000    1.175021 ^ _417_/A (sky130_fd_sc_hd__buf_2)
     1    0.050000    0.247172    0.266431    1.441452 ^ _417_/X (sky130_fd_sc_hd__buf_2)
                                                         sum[4] (net)
                      0.247172    0.000000    1.441452 ^ sum[4] (out)
                                              1.441452   data arrival time

                                 10.000000   10.000000   max_delay
                                -10.000000    0.000000   output external delay
                                              0.000000   data required time
---------------------------------------------------------------------------------------------
                                              0.000000   data required time
                                             -1.441452   data arrival time
---------------------------------------------------------------------------------------------
                                             -1.441452   slack (VIOLATED)


Startpoint: b[0] (input port)
Endpoint: sum[5] (output port)
Path Group: path delay
Path Type: max

Fanout         Cap        Slew       Delay        Time   Description
---------------------------------------------------------------------------------------------
                                  0.000000    0.000000 ^ input external delay
     4    0.012313    0.153931    0.099533    0.099533 ^ b[0] (in)
                                                         b[0] (net)
                      0.153931    0.000000    0.099533 ^ _222_/A (sky130_fd_sc_hd__nor2_2)
     2    0.003615    0.040368    0.058212    0.157745 v _222_/Y (sky130_fd_sc_hd__nor2_2)
                                                         _031_ (net)
                      0.040368    0.000000    0.157745 v _226_/A2 (sky130_fd_sc_hd__o311a_2)
     2    0.003482    0.057527    0.364670    0.522415 v _226_/X (sky130_fd_sc_hd__o311a_2)
                                                         _035_ (net)
                      0.057527    0.000000    0.522415 v _229_/A3 (sky130_fd_sc_hd__o311a_2)
     3    0.008442    0.071791    0.353926    0.876342 v _229_/X (sky130_fd_sc_hd__o311a_2)
                                                         _038_ (net)
                      0.071791    0.000000    0.876342 v _230_/B (sky130_fd_sc_hd__nor2_2)
     1    0.009040    0.125617    0.126452    1.002793 ^ _230_/Y (sky130_fd_sc_hd__nor2_2)
                                                         _039_ (net)
                      0.125617    0.000000    1.002793 ^ _267_/A (sky130_fd_sc_hd__xnor2_2)
     1    0.001807    0.089037    0.114967    1.117760 ^ _267_/Y (sky130_fd_sc_hd__xnor2_2)
                                                         low.GEN_FA[5].fa.sum (net)
                      0.089037    0.000000    1.117760 ^ _418_/A (sky130_fd_sc_hd__buf_2)
     1    0.050000    0.247172    0.266432    1.384192 ^ _418_/X (sky130_fd_sc_hd__buf_2)
                                                         sum[5] (net)
                      0.247172    0.000000    1.384192 ^ sum[5] (out)
                                              1.384192   data arrival time

                                 10.000000   10.000000   max_delay
                                -10.000000    0.000000   output external delay
                                              0.000000   data required time
---------------------------------------------------------------------------------------------
                                              0.000000   data required time
                                             -1.384192   data arrival time
---------------------------------------------------------------------------------------------
                                             -1.384192   slack (VIOLATED)


Startpoint: b[0] (input port)
Endpoint: sum[3] (output port)
Path Group: path delay
Path Type: max

Fanout         Cap        Slew       Delay        Time   Description
---------------------------------------------------------------------------------------------
                                  0.000000    0.000000 ^ input external delay
     4    0.012313    0.153931    0.099533    0.099533 ^ b[0] (in)
                                                         b[0] (net)
                      0.153931    0.000000    0.099533 ^ _222_/A (sky130_fd_sc_hd__nor2_2)
     2    0.003615    0.040368    0.058212    0.157745 v _222_/Y (sky130_fd_sc_hd__nor2_2)
                                                         _031_ (net)
                      0.040368    0.000000    0.157745 v _226_/A2 (sky130_fd_sc_hd__o311a_2)
     2    0.003482    0.057527    0.364670    0.522415 v _226_/X (sky130_fd_sc_hd__o311a_2)
                                                         _035_ (net)
                      0.057527    0.000000    0.522415 v _227_/B (sky130_fd_sc_hd__or2_2)
     2    0.010561    0.078876    0.307202    0.829618 v _227_/X (sky130_fd_sc_hd__or2_2)
                                                         _036_ (net)
                      0.078876    0.000000    0.829618 v _271_/A (sky130_fd_sc_hd__xnor2_2)
     1    0.001807    0.089031    0.137960    0.967577 ^ _271_/Y (sky130_fd_sc_hd__xnor2_2)
                                                         low.GEN_FA[3].fa.sum (net)
                      0.089031    0.000000    0.967577 ^ _416_/A (sky130_fd_sc_hd__buf_2)
     1    0.050000    0.247172    0.266430    1.234007 ^ _416_/X (sky130_fd_sc_hd__buf_2)
                                                         sum[3] (net)
                      0.247172    0.000000    1.234007 ^ sum[3] (out)
                                              1.234007   data arrival time

                                 10.000000   10.000000   max_delay
                                -10.000000    0.000000   output external delay
                                              0.000000   data required time
---------------------------------------------------------------------------------------------
                                              0.000000   data required time
                                             -1.234007   data arrival time
---------------------------------------------------------------------------------------------
                                             -1.234007   slack (VIOLATED)


Startpoint: cin (input port)
Endpoint: sum[2] (output port)
Path Group: path delay
Path Type: max

Fanout         Cap        Slew       Delay        Time   Description
---------------------------------------------------------------------------------------------
                                  0.000000    0.000000 ^ input external delay
     4    0.012854    0.160118    0.103820    0.103820 ^ cin (in)
                                                         cin (net)
                      0.160118    0.000000    0.103820 ^ _223_/A2 (sky130_fd_sc_hd__a21oi_2)
     2    0.003482    0.048876    0.074706    0.178526 v _223_/Y (sky130_fd_sc_hd__a21oi_2)
                                                         _032_ (net)
                      0.048876    0.000000    0.178526 v _224_/B (sky130_fd_sc_hd__or2_2)
     3    0.012836    0.085196    0.313163    0.491689 v _224_/X (sky130_fd_sc_hd__or2_2)
                                                         _033_ (net)
                      0.085196    0.000000    0.491689 v _225_/A2 (sky130_fd_sc_hd__o21a_2)
     1    0.008584    0.049058    0.222844    0.714533 v _225_/X (sky130_fd_sc_hd__o21a_2)
                                                         _034_ (net)
                      0.049058    0.000000    0.714533 v _273_/A (sky130_fd_sc_hd__xor2_2)
     1    0.001807    0.080541    0.126755    0.841288 ^ _273_/X (sky130_fd_sc_hd__xor2_2)
                                                         low.GEN_FA[2].fa.sum (net)
                      0.080541    0.000000    0.841288 ^ _415_/A (sky130_fd_sc_hd__buf_2)
     1    0.050000    0.247108    0.263334    1.104622 ^ _415_/X (sky130_fd_sc_hd__buf_2)
                                                         sum[2] (net)
                      0.247108    0.000000    1.104622 ^ sum[2] (out)
                                              1.104622   data arrival time

                                 10.000000   10.000000   max_delay
                                -10.000000    0.000000   output external delay
                                              0.000000   data required time
---------------------------------------------------------------------------------------------
                                              0.000000   data required time
                                             -1.104622   data arrival time
---------------------------------------------------------------------------------------------
                                             -1.104622   slack (VIOLATED)


Startpoint: b[0] (input port)
Endpoint: sum[0] (output port)
Path Group: path delay
Path Type: max

Fanout         Cap        Slew       Delay        Time   Description
---------------------------------------------------------------------------------------------
                                  0.000000    0.000000 v input external delay
     4    0.011332    0.073008    0.054898    0.054898 v b[0] (in)
                                                         b[0] (net)
                      0.073008    0.000000    0.054898 v _276_/A (sky130_fd_sc_hd__or3_2)
     1    0.002207    0.073285    0.467630    0.522528 v _276_/X (sky130_fd_sc_hd__or3_2)
                                                         _070_ (net)
                      0.073285    0.000000    0.522528 v _278_/A2 (sky130_fd_sc_hd__a21o_2)
     1    0.001647    0.030547    0.208041    0.730569 v _278_/X (sky130_fd_sc_hd__a21o_2)
                                                         low.GEN_FA[0].fa.sum (net)
                      0.030547    0.000000    0.730569 v _413_/A (sky130_fd_sc_hd__buf_2)
     1    0.050000    0.121629    0.200728    0.931297 v _413_/X (sky130_fd_sc_hd__buf_2)
                                                         sum[0] (net)
                      0.121629    0.000000    0.931297 v sum[0] (out)
                                              0.931297   data arrival time

                                 10.000000   10.000000   max_delay
                                -10.000000    0.000000   output external delay
                                              0.000000   data required time
---------------------------------------------------------------------------------------------
                                              0.000000   data required time
                                             -0.931297   data arrival time
---------------------------------------------------------------------------------------------
                                             -0.931297   slack (VIOLATED)


Startpoint: cin (input port)
Endpoint: sum[1] (output port)
Path Group: path delay
Path Type: max

Fanout         Cap        Slew       Delay        Time   Description
---------------------------------------------------------------------------------------------
                                  0.000000    0.000000 ^ input external delay
     4    0.012854    0.160118    0.103820    0.103820 ^ cin (in)
                                                         cin (net)
                      0.160118    0.000000    0.103820 ^ _223_/A2 (sky130_fd_sc_hd__a21oi_2)
     2    0.003482    0.048876    0.074706    0.178526 v _223_/Y (sky130_fd_sc_hd__a21oi_2)
                                                         _032_ (net)
                      0.048876    0.000000    0.178526 v _224_/B (sky130_fd_sc_hd__or2_2)
     3    0.012836    0.085196    0.313163    0.491689 v _224_/X (sky130_fd_sc_hd__or2_2)
                                                         _033_ (net)
                      0.085196    0.000000    0.491689 v _275_/A (sky130_fd_sc_hd__xnor2_2)
     1    0.001807    0.089028    0.140425    0.632114 ^ _275_/Y (sky130_fd_sc_hd__xnor2_2)
                                                         low.GEN_FA[1].fa.sum (net)
                      0.089028    0.000000    0.632114 ^ _414_/A (sky130_fd_sc_hd__buf_2)
     1    0.050000    0.247171    0.266429    0.898543 ^ _414_/X (sky130_fd_sc_hd__buf_2)
                                                         sum[1] (net)
                      0.247171    0.000000    0.898543 ^ sum[1] (out)
                                              0.898543   data arrival time

                                 10.000000   10.000000   max_delay
                                -10.000000    0.000000   output external delay
                                              0.000000   data required time
---------------------------------------------------------------------------------------------
                                              0.000000   data required time
                                             -0.898543   data arrival time
---------------------------------------------------------------------------------------------
                                             -0.898543   slack (VIOLATED)



%OL_END_REPORT
%OL_CREATE_REPORT checks.rpt

===========================================================================
report_checks -unconstrained
===========================================================================
======================= nom_tt_025C_1v80 Corner ===================================

Startpoint: b[0] (input port)
Endpoint: sum[31] (output port)
Path Group: path delay
Path Type: max

Fanout         Cap        Slew       Delay        Time   Description
---------------------------------------------------------------------------------------------
                                  0.000000    0.000000 ^ input external delay
     4    0.012313    0.153931    0.099533    0.099533 ^ b[0] (in)
                                                         b[0] (net)
                      0.153931    0.000000    0.099533 ^ _222_/A (sky130_fd_sc_hd__nor2_2)
     2    0.003615    0.040368    0.058212    0.157745 v _222_/Y (sky130_fd_sc_hd__nor2_2)
                                                         _031_ (net)
                      0.040368    0.000000    0.157745 v _226_/A2 (sky130_fd_sc_hd__o311a_2)
     2    0.003482    0.057527    0.364670    0.522415 v _226_/X (sky130_fd_sc_hd__o311a_2)
                                                         _035_ (net)
                      0.057527    0.000000    0.522415 v _229_/A3 (sky130_fd_sc_hd__o311a_2)
     3    0.008442    0.071791    0.353926    0.876342 v _229_/X (sky130_fd_sc_hd__o311a_2)
                                                         _038_ (net)
                      0.071791    0.000000    0.876342 v _232_/A3 (sky130_fd_sc_hd__o311a_2)
     3    0.008442    0.071830    0.358915    1.235257 v _232_/X (sky130_fd_sc_hd__o311a_2)
                                                         _041_ (net)
                      0.071830    0.000000    1.235257 v _235_/A3 (sky130_fd_sc_hd__o311a_2)
     2    0.003482    0.057608    0.335613    1.570870 v _235_/X (sky130_fd_sc_hd__o311a_2)
                                                         _044_ (net)
                      0.057608    0.000000    1.570870 v _238_/A3 (sky130_fd_sc_hd__o311a_2)
     2    0.003482    0.057527    0.330609    1.901479 v _238_/X (sky130_fd_sc_hd__o311a_2)
                                                         _047_ (net)
                      0.057527    0.000000    1.901479 v _241_/A3 (sky130_fd_sc_hd__o311a_2)
     3    0.008442    0.071791    0.353926    2.255406 v _241_/X (sky130_fd_sc_hd__o311a_2)
                                                         _050_ (net)
                      0.071791    0.000000    2.255406 v _244_/A3 (sky130_fd_sc_hd__o311a_2)
     2    0.006281    0.065983    0.349417    2.604823 v _244_/X (sky130_fd_sc_hd__o311a_2)
                                                         _053_ (net)
                      0.065983    0.000000    2.604823 v _282_/A3 (sky130_fd_sc_hd__o31a_2)
    17    0.056120    0.163815    0.424419    3.029242 v _282_/X (sky130_fd_sc_hd__o31a_2)
                                                         _075_ (net)
                      0.163815    0.000000    3.029242 v _366_/S (sky130_fd_sc_hd__mux2_1)
     2    0.010341    0.093595    0.396618    3.425860 v _366_/X (sky130_fd_sc_hd__mux2_1)
                                                         _159_ (net)
                      0.093595    0.000000    3.425860 v _367_/B (sky130_fd_sc_hd__xnor2_2)
     1    0.050000    0.644404    0.520124    3.945984 ^ _367_/Y (sky130_fd_sc_hd__xnor2_2)
                                                         sum[31] (net)
                      0.644404    0.000000    3.945984 ^ sum[31] (out)
                                              3.945984   data arrival time

                                 10.000000   10.000000   max_delay
                                -10.000000    0.000000   output external delay
                                              0.000000   data required time
---------------------------------------------------------------------------------------------
                                              0.000000   data required time
                                             -3.945984   data arrival time
---------------------------------------------------------------------------------------------
                                             -3.945984   slack (VIOLATED)




===========================================================================
report_checks --slack_max -0.01
============================================================================
======================= nom_tt_025C_1v80 Corner ===================================

Startpoint: b[0] (input port)
Endpoint: sum[31] (output port)
Path Group: path delay
Path Type: max

Fanout         Cap        Slew       Delay        Time   Description
---------------------------------------------------------------------------------------------
                                  0.000000    0.000000 ^ input external delay
     4    0.012313    0.153931    0.099533    0.099533 ^ b[0] (in)
                                                         b[0] (net)
                      0.153931    0.000000    0.099533 ^ _222_/A (sky130_fd_sc_hd__nor2_2)
     2    0.003615    0.040368    0.058212    0.157745 v _222_/Y (sky130_fd_sc_hd__nor2_2)
                                                         _031_ (net)
                      0.040368    0.000000    0.157745 v _226_/A2 (sky130_fd_sc_hd__o311a_2)
     2    0.003482    0.057527    0.364670    0.522415 v _226_/X (sky130_fd_sc_hd__o311a_2)
                                                         _035_ (net)
                      0.057527    0.000000    0.522415 v _229_/A3 (sky130_fd_sc_hd__o311a_2)
     3    0.008442    0.071791    0.353926    0.876342 v _229_/X (sky130_fd_sc_hd__o311a_2)
                                                         _038_ (net)
                      0.071791    0.000000    0.876342 v _232_/A3 (sky130_fd_sc_hd__o311a_2)
     3    0.008442    0.071830    0.358915    1.235257 v _232_/X (sky130_fd_sc_hd__o311a_2)
                                                         _041_ (net)
                      0.071830    0.000000    1.235257 v _235_/A3 (sky130_fd_sc_hd__o311a_2)
     2    0.003482    0.057608    0.335613    1.570870 v _235_/X (sky130_fd_sc_hd__o311a_2)
                                                         _044_ (net)
                      0.057608    0.000000    1.570870 v _238_/A3 (sky130_fd_sc_hd__o311a_2)
     2    0.003482    0.057527    0.330609    1.901479 v _238_/X (sky130_fd_sc_hd__o311a_2)
                                                         _047_ (net)
                      0.057527    0.000000    1.901479 v _241_/A3 (sky130_fd_sc_hd__o311a_2)
     3    0.008442    0.071791    0.353926    2.255406 v _241_/X (sky130_fd_sc_hd__o311a_2)
                                                         _050_ (net)
                      0.071791    0.000000    2.255406 v _244_/A3 (sky130_fd_sc_hd__o311a_2)
     2    0.006281    0.065983    0.349417    2.604823 v _244_/X (sky130_fd_sc_hd__o311a_2)
                                                         _053_ (net)
                      0.065983    0.000000    2.604823 v _282_/A3 (sky130_fd_sc_hd__o31a_2)
    17    0.056120    0.163815    0.424419    3.029242 v _282_/X (sky130_fd_sc_hd__o31a_2)
                                                         _075_ (net)
                      0.163815    0.000000    3.029242 v _366_/S (sky130_fd_sc_hd__mux2_1)
     2    0.010341    0.093595    0.396618    3.425860 v _366_/X (sky130_fd_sc_hd__mux2_1)
                                                         _159_ (net)
                      0.093595    0.000000    3.425860 v _367_/B (sky130_fd_sc_hd__xnor2_2)
     1    0.050000    0.644404    0.520124    3.945984 ^ _367_/Y (sky130_fd_sc_hd__xnor2_2)
                                                         sum[31] (net)
                      0.644404    0.000000    3.945984 ^ sum[31] (out)
                                              3.945984   data arrival time

                                 10.000000   10.000000   max_delay
                                -10.000000    0.000000   output external delay
                                              0.000000   data required time
---------------------------------------------------------------------------------------------
                                              0.000000   data required time
                                             -3.945984   data arrival time
---------------------------------------------------------------------------------------------
                                             -3.945984   slack (VIOLATED)




===========================================================================
 report_check_types -max_slew -max_cap -max_fanout -violators
============================================================================
======================= nom_tt_025C_1v80 Corner ===================================



===========================================================================
report_parasitic_annotation -report_unannotated
============================================================================
Found 304 unannotated drivers.
 a[0]
 a[10]
 a[11]
 a[12]
 a[13]
 a[14]
 a[15]
 a[16]
 a[17]
 a[18]
 a[19]
 a[1]
 a[20]
 a[21]
 a[22]
 a[23]
 a[24]
 a[25]
 a[26]
 a[27]
 a[28]
 a[29]
 a[2]
 a[30]
 a[31]
 a[3]
 a[4]
 a[5]
 a[6]
 a[7]
 a[8]
 a[9]
 b[0]
 b[10]
 b[11]
 b[12]
 b[13]
 b[14]
 b[15]
 b[16]
 b[17]
 b[18]
 b[19]
 b[1]
 b[20]
 b[21]
 b[22]
 b[23]
 b[24]
 b[25]
 b[26]
 b[27]
 b[28]
 b[29]
 b[2]
 b[30]
 b[31]
 b[3]
 b[4]
 b[5]
 b[6]
 b[7]
 b[8]
 b[9]
 cin
 _190_/Y
 _191_/Y
 _192_/Y
 _193_/Y
 _194_/Y
 _195_/Y
 _196_/X
 _197_/Y
 _198_/Y
 _199_/Y
 _200_/Y
 _201_/Y
 _202_/Y
 _203_/Y
 _204_/Y
 _205_/Y
 _206_/Y
 _207_/Y
 _208_/Y
 _209_/Y
 _210_/Y
 _211_/Y
 _212_/Y
 _213_/Y
 _214_/Y
 _215_/Y
 _216_/Y
 _217_/Y
 _218_/Y
 _219_/Y
 _220_/Y
 _221_/Y
 _222_/Y
 _223_/Y
 _224_/X
 _225_/X
 _226_/X
 _227_/X
 _228_/X
 _229_/X
 _230_/Y
 _231_/X
 _232_/X
 _233_/Y
 _234_/X
 _235_/X
 _236_/X
 _237_/X
 _238_/X
 _239_/X
 _240_/X
 _241_/X
 _242_/Y
 _243_/X
 _244_/X
 _245_/Y
 _246_/Y
 _247_/X
 _248_/Y
 _249_/X
 _250_/X
 _251_/X
 _252_/Y
 _253_/X
 _254_/Y
 _255_/X
 _256_/Y
 _257_/X
 _258_/Y
 _259_/Y
 _260_/X
 _261_/X
 _262_/X
 _263_/X
 _264_/X
 _265_/Y
 _266_/Y
 _267_/Y
 _268_/X
 _269_/Y
 _270_/X
 _271_/Y
 _272_/Y
 _273_/X
 _274_/X
 _275_/Y
 _276_/X
 _277_/X
 _278_/X
 _279_/X
 _280_/Y
 _281_/Y
 _282_/X
 _283_/Y
 _284_/Y
 _285_/Y
 _286_/X
 _287_/X
 _288_/Y
 _289_/X
 _290_/X
 _291_/Y
 _292_/X
 _293_/X
 _294_/Y
 _295_/Y
 _296_/X
 _297_/X
 _298_/X
 _299_/X
 _300_/Y
 _301_/Y
 _302_/X
 _303_/X
 _304_/X
 _305_/X
 _306_/Y
 _307_/X
 _308_/Y
 _309_/X
 _310_/X
 _311_/X
 _312_/Y
 _313_/Y
 _314_/X
 _315_/X
 _316_/X
 _317_/X
 _318_/Y
 _319_/Y
 _320_/X
 _321_/X
 _322_/X
 _323_/Y
 _324_/Y
 _325_/X
 _326_/Y
 _327_/X
 _328_/X
 _329_/Y
 _330_/X
 _331_/X
 _332_/Y
 _333_/X
 _334_/X
 _335_/Y
 _336_/X
 _337_/X
 _338_/Y
 _339_/X
 _340_/X
 _341_/Y
 _342_/X
 _343_/Y
 _344_/Y
 _345_/Y
 _346_/X
 _347_/Y
 _348_/X
 _349_/X
 _350_/Y
 _351_/X
 _352_/X
 _353_/Y
 _354_/X
 _355_/X
 _356_/Y
 _357_/X
 _358_/X
 _359_/Y
 _360_/X
 _361_/X
 _362_/Y
 _363_/X
 _364_/Y
 _365_/Y
 _366_/X
 _367_/Y
 _368_/Y
 _369_/X
 _370_/Y
 _371_/Y
 _372_/X
 _373_/Y
 _374_/Y
 _375_/X
 _376_/X
 _377_/Y
 _378_/X
 _379_/Y
 _380_/Y
 _381_/X
 _382_/Y
 _383_/Y
 _384_/X
 _385_/Y
 _386_/Y
 _387_/X
 _388_/Y
 _389_/Y
 _390_/X
 _391_/Y
 _392_/Y
 _393_/X
 _394_/Y
 _395_/Y
 _396_/X
 _397_/Y
 _398_/Y
 _399_/X
 _400_/Y
 _401_/Y
 _402_/X
 _403_/Y
 _404_/Y
 _405_/X
 _406_/Y
 _407_/Y
 _408_/Y
 _409_/Y
 _410_/X
 _411_/Y
 _412_/X
 _413_/X
 _414_/X
 _415_/X
 _416_/X
 _417_/X
 _418_/X
 _419_/X
 _420_/X
 _421_/X
 _422_/X
 _423_/X
 _424_/X
 _425_/X
 _426_/X
 _427_/X
 _428_/X
Found 0 partially unannotated drivers.

===========================================================================
max slew violation count 0
%OL_METRIC_I design__max_slew_violation__count__corner:nom_tt_025C_1v80 0
max fanout violation count 0
%OL_METRIC_I design__max_fanout_violation__count__corner:nom_tt_025C_1v80 0
max cap violation count 0
%OL_METRIC_I design__max_cap_violation__count__corner:nom_tt_025C_1v80 0
============================================================================

===========================================================================
check_setup -verbose -unconstrained_endpoints -multiple_clock -no_clock -no_input_delay -loops -generated_clocks
===========================================================================
%OL_END_REPORT
%OL_CREATE_REPORT power.rpt

===========================================================================
 report_power
============================================================================
======================= nom_tt_025C_1v80 Corner ===================================

Group                    Internal    Switching      Leakage        Total
                            Power        Power        Power        Power (Watts)
------------------------------------------------------------------------
Sequential           0.000000e+00 0.000000e+00 0.000000e+00 0.000000e+00   0.0%
Combinational        7.749744e-04 1.450438e-03 8.513090e-10 2.225413e-03 100.0%
Clock                0.000000e+00 0.000000e+00 0.000000e+00 0.000000e+00   0.0%
Macro                0.000000e+00 0.000000e+00 0.000000e+00 0.000000e+00   0.0%
Pad                  0.000000e+00 0.000000e+00 0.000000e+00 0.000000e+00   0.0%
------------------------------------------------------------------------
Total                7.749744e-04 1.450438e-03 8.513090e-10 2.225413e-03 100.0%
                            34.8%        65.2%         0.0%
%OL_METRIC_F power__internal__total 0.0007749743526801467
%OL_METRIC_F power__switching__total 0.001450437936000526
%OL_METRIC_F power__leakage__total 8.513089677641972e-10
%OL_METRIC_F power__total 0.0022254132200032473

%OL_END_REPORT
%OL_CREATE_REPORT skew.min.rpt

===========================================================================
Clock Skew (Hold)
============================================================================
%OL_METRIC_F clock__skew__worst_hold__corner:nom_tt_025C_1v80 0.0
======================= nom_tt_025C_1v80 Corner ===================================

%OL_END_REPORT
%OL_CREATE_REPORT skew.max.rpt

===========================================================================
Clock Skew (Setup)
============================================================================
%OL_METRIC_F clock__skew__worst_setup__corner:nom_tt_025C_1v80 0.0
======================= nom_tt_025C_1v80 Corner ===================================

%OL_END_REPORT
%OL_CREATE_REPORT ws.min.rpt

===========================================================================
Worst Slack (Hold)
============================================================================
%OL_METRIC_F timing__hold__ws__corner:nom_tt_025C_1v80 1.0000000433293989e+39
nom_tt_025C_1v80: 1.0000000433293989e+39
%OL_END_REPORT
%OL_CREATE_REPORT ws.max.rpt

===========================================================================
Worst Slack (Setup)
============================================================================
%OL_METRIC_F timing__setup__ws__corner:nom_tt_025C_1v80 -3.9459840956106333
nom_tt_025C_1v80: -3.9459840956106333
%OL_END_REPORT
%OL_CREATE_REPORT tns.min.rpt

===========================================================================
Total Negative Slack (Hold)
============================================================================
%OL_METRIC_F timing__hold__tns__corner:nom_tt_025C_1v80 0.0
nom_tt_025C_1v80: 0.0
%OL_END_REPORT
%OL_CREATE_REPORT tns.max.rpt

===========================================================================
Total Negative Slack (Setup)
============================================================================
%OL_METRIC_F timing__setup__tns__corner:nom_tt_025C_1v80 -98.93139032456149
nom_tt_025C_1v80: -98.93139032456149
%OL_END_REPORT
%OL_CREATE_REPORT wns.min.rpt

===========================================================================
Worst Negative Slack (Hold)
============================================================================
%OL_METRIC_F timing__hold__wns__corner:nom_tt_025C_1v80 0
nom_tt_025C_1v80: 0
%OL_END_REPORT
%OL_CREATE_REPORT wns.max.rpt

===========================================================================
Worst Negative Slack (Setup)
============================================================================
%OL_METRIC_F timing__setup__wns__corner:nom_tt_025C_1v80 -3.9459840956106333
nom_tt_025C_1v80: -3.9459840956106333
%OL_END_REPORT
%OL_CREATE_REPORT violator_list.rpt

===========================================================================
Violator List
============================================================================
[setup in-out] b[0] -> sum[31] : -3.945984
[setup in-out] b[0] -> sum[29] : -3.929081
[setup in-out] b[0] -> sum[30] : -3.929080
[setup in-out] b[0] -> sum[18] : -3.929075
[setup in-out] b[0] -> sum[19] : -3.929075
[setup in-out] b[0] -> sum[20] : -3.929075
[setup in-out] b[0] -> sum[21] : -3.929075
[setup in-out] b[0] -> sum[22] : -3.929075
[setup in-out] b[0] -> sum[23] : -3.929075
[setup in-out] b[0] -> sum[24] : -3.929075
[setup in-out] b[0] -> sum[25] : -3.929075
[setup in-out] b[0] -> sum[26] : -3.929075
[setup in-out] b[0] -> sum[27] : -3.929075
[setup in-out] b[0] -> sum[28] : -3.910246
[setup in-out] b[0] -> sum[16] : -3.884430
[setup in-out] b[0] -> cout : -3.761559
[setup in-out] b[0] -> sum[17] : -3.561059
[setup in-out] b[0] -> sum[14] : -3.246484
[setup in-out] b[0] -> sum[15] : -3.141811
[setup in-out] b[0] -> sum[13] : -2.957614
[setup in-out] b[0] -> sum[11] : -2.886961
[setup in-out] b[0] -> sum[12] : -2.817913
[setup in-out] b[0] -> sum[10] : -2.499091
[setup in-out] b[0] -> sum[8] : -2.349400
[setup in-out] b[0] -> sum[9] : -2.291557
[setup in-out] b[0] -> sum[7] : -1.948640
[setup in-out] b[0] -> sum[6] : -1.585617
[setup in-out] b[0] -> sum[4] : -1.441452
[setup in-out] b[0] -> sum[5] : -1.384192
[setup in-out] b[0] -> sum[3] : -1.234007
[setup in-out] cin -> sum[2] : -1.104622
[setup in-out] b[0] -> sum[0] : -0.931297
[setup in-out] cin -> sum[1] : -0.898543
%OL_METRIC_I timing__hold_vio__count__corner:nom_tt_025C_1v80 0
%OL_METRIC_F timing__hold_r2r__ws__corner:nom_tt_025C_1v80 inf
%OL_METRIC_I timing__hold_r2r_vio__count__corner:nom_tt_025C_1v80 0
%OL_METRIC_I timing__setup_vio__count__corner:nom_tt_025C_1v80 33
%OL_METRIC_F timing__setup_r2r__ws__corner:nom_tt_025C_1v80 inf
%OL_METRIC_I timing__setup_r2r_vio__count__corner:nom_tt_025C_1v80 0
%OL_END_REPORT
%OL_CREATE_REPORT unpropagated.rpt
%OL_END_REPORT
%OL_CREATE_REPORT clock.rpt
%OL_END_REPORT
Writing SDF files for all corners…
